Source,Target,Weight
Neil Fraistat,Seth Denbo,2
Neil Fraistat,James Smith,2
Neil Fraistat,Emma Millon,1
Neil Fraistat,Dave Lester,2
Neil Fraistat,Travis Brown,4
Neil Fraistat,Elisabeth Kvernen,3
Neil Fraistat,Kirsten Keister,6
Neil Fraistat,Kristen Waters,1
Neil Fraistat,Doug Reside,5
Neil Fraistat,Beth Bonsignore,1
Neil Fraistat,Grant Dickie,1
Neil Fraistat,Richard Kuhta,1
Neil Fraistat,Jim Kuhn,1
Neil Fraistat,Richard Ovendon,1
Neil Fraistat,Michael Popham,2
Neil Fraistat,Tim Cole,1
Neil Fraistat,Herbert Van de Sompel ,1
Neil Fraistat,John Burns ,1
Neil Fraistat,Ron Chernich,1
Neil Fraistat,Daniel Cohen ,1
Neil Fraistat,Anna Gerber ,1
Neil Fraistat,Tom Habing,1
Neil Fraistat,Clare Llewellyn ,1
Neil Fraistat,Carole Palmer ,1
Neil Fraistat,Allen Renear ,1
Neil Fraistat,Robert Sanderson ,1
Neil Fraistat,Sean Takats ,1
Neil Fraistat,Jane Hunter ,1
Neil Fraistat,Trevor Muñoz,4
Neil Fraistat,Jennifer Guiliano,3
Neil Fraistat,David Brookshire,1
Neil Fraistat,Amanda Visconti,2
Neil Fraistat,Jessica Worley,1
Neil Fraistat,Raffaele Viglianti,3
Neil Fraistat,Elizabeth Denlinger,1
Neil Fraistat,Stephanie Sapienza,6
Neil Fraistat,Richard Ovenden,1
Neil Fraistat,Leslie Morris,1
Neil Fraistat,Wendell Piez,1
Neil Fraistat,Jamie Andrews,1
Neil Fraistat,Rachel Foss,1
Neil Fraistat,Matthew Kirschenbaum,3
Neil Fraistat,Rachel Donahue,1
Neil Fraistat,Henry Lowood,1
Neil Fraistat,Susan Rojo,1
Neil Fraistat,Andrew Phelps,1
Neil Fraistat,Jerry McDonough,1
Neil Fraistat,Michael Shanks,1
Neil Fraistat,Kari Krauss,1
Neil Fraistat,Patricia Hswe,1
Neil Fraistat,Carl Stahmer,1
Neil Fraistat,Ketan Patil,1
Neil Fraistat,Gregory Lord,1
Neil Fraistat,Arik Lubkin,1
Neil Fraistat,Ralph Bauer,1
Neil Fraistat,Geneva Henry,1
Neil Fraistat,Caroline Levander,1
Neil Fraistat,Luis Jáuregui Frías,1
Neil Fraistat,Brett Bobley ,1
Neil Fraistat,Fred Winter,1
Neil Fraistat,Bernie Frischer,1
Neil Fraistat,Mark Kornbluh,1
Neil Fraistat,Daniel Pitti,1
Neil Fraistat,Roy Rosenzweig,1
Neil Fraistat,John Unsworth,1
Neil Fraistat,Kay Walter,1
Neil Fraistat,Brett Barney,1
Neil Fraistat,Claire Warwick,1
Neil Fraistat,Willard McCarty,1
Neil Fraistat,Allen Renear,1
Neil Fraistat,Michael Eberle-Sinatra,1
Neil Fraistat,Stéfan Sinclair,1
Neil Fraistat,John Nerbonne,1
Neil Fraistat,Jan Rybicki,1
Neil Fraistat,Paul Spence,1
Neil Fraistat,Ed Summers,3
Neil Fraistat,Porter Olsen,1
Neil Fraistat,Ben Shneiderman,1
Neil Fraistat,Laura Wruble,1
Neil Fraistat,Joshua Westgard,1
Neil Fraistat,Cody Buntain,1
Neil Fraistat,Nicolas Diakopoulos,1
Neil Fraistat,Jen Golbeck,1
Neil Fraistat,Ricky Punzalan,1
Neil Fraistat,Katie Shilton,1
Neil Fraistat,Catherine Knight Steele,2
Neil Fraistat,Bonnie Thornton Dill,1
Neil Fraistat,Sheri Parks,1
Neil Fraistat,Babak Hamidzadeh,1
Neil Fraistat,Dan Mack,1
Neil Fraistat,Doug McElrath,1
Neil Fraistat,Nathan Putnam,1
Neil Fraistat,Bria Parker,1
Neil Fraistat,Jen Eidson,1
Neil Fraistat,Curlee Holton,1
Neil Fraistat,Stephanie Maxwell,1
Neil Fraistat,Julie Green,1
Neil Fraistat,Purdom Lindblad,2
Seth Denbo,James Smith,1
Seth Denbo,Emma Millon,1
Seth Denbo,Dave Lester,1
Seth Denbo,Travis Brown,2
Seth Denbo,Elisabeth Kvernen,1
Seth Denbo,Kirsten Keister,2
Seth Denbo,Kristen Waters,1
Seth Denbo,Amanda Visconti,1
Seth Denbo,Carla Peterson,1
Seth Denbo,Doug Reside,1
James Smith,Emma Millon,1
James Smith,Dave Lester,2
James Smith,Travis Brown,2
James Smith,Elisabeth Kvernen,2
James Smith,Kirsten Keister,6
James Smith,Kristen Waters,1
James Smith,Doug Reside,2
James Smith,Tim Cole,1
James Smith,Herbert Van de Sompel ,1
James Smith,John Burns ,1
James Smith,Ron Chernich,1
James Smith,Daniel Cohen ,1
James Smith,Anna Gerber ,1
James Smith,Tom Habing,1
James Smith,Clare Llewellyn ,1
James Smith,Carole Palmer ,1
James Smith,Allen Renear ,1
James Smith,Robert Sanderson ,1
James Smith,Sean Takats ,1
James Smith,Jane Hunter ,1
James Smith,Amanda Visconti,3
James Smith,Leigh Smiley,1
James Smith,Jennifer Guiliano,3
James Smith,George Williams,2
James Smith,Cory Bohon,2
James Smith,Tina Herzberg,2
James Smith,Trevor Muñoz,2
James Smith,Hugh Cayless,1
James Smith,Clay Jeffcoat,1
James Smith,Jeremy Boggs,1
James Smith,Marty R. McKenzie,1
James Smith,Raffaele Viglianti,1
James Smith,Matt Cohen,1
James Smith,Brett Barney,1
James Smith,Keith Nickum,1
Emma Millon,Dave Lester,1
Emma Millon,Travis Brown,1
Emma Millon,Elisabeth Kvernen,1
Emma Millon,Kirsten Keister,1
Emma Millon,Kristen Waters,1
Dave Lester,Travis Brown,1
Dave Lester,Elisabeth Kvernen,6
Dave Lester,Kirsten Keister,2
Dave Lester,Kristen Waters,1
Dave Lester,Amanda Visconti,1
Dave Lester,Leigh Smiley,1
Dave Lester,Doug Reside,2
Dave Lester,Grant Dickie,1
Dave Lester,Dot Porter,1
Dave Lester,John Walsh,1
Dave Lester,Carl Stahmer,1
Dave Lester,Ketan Patil,1
Dave Lester,Gregory Lord,1
Dave Lester,Arik Lubkin,1
Dave Lester,Ralph Bauer,1
Dave Lester,Geneva Henry,1
Dave Lester,Caroline Levander,1
Dave Lester,Luis Jáuregui Frías,1
Dave Lester,Matthew Kirschenbaum,1
Dave Lester,Walker Sampson,1
Dave Lester,Charles Pinnix,1
Travis Brown,Elisabeth Kvernen,3
Travis Brown,Kirsten Keister,7
Travis Brown,Kristen Waters,1
Travis Brown,Doug Reside,3
Travis Brown,Michael Popham,1
Travis Brown,Trevor Muñoz,5
Travis Brown,Jennifer Guiliano,4
Travis Brown,David Brookshire,1
Travis Brown,Amanda Visconti,5
Travis Brown,Jessica Worley,1
Travis Brown,Raffaele Viglianti,2
Travis Brown,Elizabeth Denlinger,1
Travis Brown,Stephanie Sapienza,1
Travis Brown,Richard Ovenden,1
Travis Brown,Leslie Morris,1
Travis Brown,Wendell Piez,1
Travis Brown,Jamie Andrews,1
Travis Brown,Rachel Foss,1
Travis Brown,Frank Hildy,2
Travis Brown,Peter Mallios,1
Travis Brown,Ed Summers,1
Travis Brown,Hayim Lapin,1
Travis Brown,Gregory Lord,1
Travis Brown,Lisa Marie Antonille Rhody,1
Travis Brown,Paul Evans,1
Travis Brown,Matt Cohen,1
Travis Brown,Brett Barney,1
Travis Brown,Keith Nickum,1
Travis Brown,Abhishta Paranjpe,1
Travis Brown,Clay Templeton,1
Elisabeth Kvernen,Kirsten Keister,3
Elisabeth Kvernen,Kristen Waters,1
Elisabeth Kvernen,Doug Reside,6
Elisabeth Kvernen,Beth Bonsignore,1
Elisabeth Kvernen,Grant Dickie,2
Elisabeth Kvernen,Richard Kuhta,1
Elisabeth Kvernen,Jim Kuhn,1
Elisabeth Kvernen,Richard Ovendon,1
Elisabeth Kvernen,Michael Popham,1
Elisabeth Kvernen,Amanda Visconti,1
Elisabeth Kvernen,Leigh Smiley,1
Elisabeth Kvernen,Frank Hildy,2
Elisabeth Kvernen,Dot Porter,1
Elisabeth Kvernen,John Walsh,1
Elisabeth Kvernen,Carl Stahmer,1
Elisabeth Kvernen,Ketan Patil,1
Elisabeth Kvernen,Gregory Lord,2
Elisabeth Kvernen,Arik Lubkin,1
Elisabeth Kvernen,Ralph Bauer,1
Elisabeth Kvernen,Geneva Henry,1
Elisabeth Kvernen,Caroline Levander,1
Elisabeth Kvernen,Luis Jáuregui Frías,1
Elisabeth Kvernen,Jennifer Guiliano,1
Elisabeth Kvernen,Matthew Kirschenbaum,1
Elisabeth Kvernen,Walker Sampson,1
Elisabeth Kvernen,Charles Pinnix,1
Kirsten Keister,Kristen Waters,1
Kirsten Keister,Doug Reside,4
Kirsten Keister,Tim Cole,1
Kirsten Keister,Herbert Van de Sompel ,1
Kirsten Keister,John Burns ,1
Kirsten Keister,Ron Chernich,1
Kirsten Keister,Daniel Cohen ,1
Kirsten Keister,Anna Gerber ,1
Kirsten Keister,Tom Habing,1
Kirsten Keister,Clare Llewellyn ,1
Kirsten Keister,Carole Palmer ,1
Kirsten Keister,Allen Renear ,1
Kirsten Keister,Robert Sanderson ,1
Kirsten Keister,Sean Takats ,1
Kirsten Keister,Jane Hunter ,1
Kirsten Keister,Michael Popham,1
Kirsten Keister,Trevor Muñoz,13
Kirsten Keister,Jennifer Guiliano,11
Kirsten Keister,David Brookshire,1
Kirsten Keister,Amanda Visconti,10
Kirsten Keister,Jessica Worley,1
Kirsten Keister,Raffaele Viglianti,3
Kirsten Keister,Elizabeth Denlinger,1
Kirsten Keister,Stephanie Sapienza,4
Kirsten Keister,Richard Ovenden,1
Kirsten Keister,Leslie Morris,1
Kirsten Keister,Wendell Piez,1
Kirsten Keister,Jamie Andrews,1
Kirsten Keister,Rachel Foss,1
Kirsten Keister,Leigh Smiley,1
Kirsten Keister,Hayim Lapin,1
Kirsten Keister,Frank Hildy,1
Kirsten Keister,Gregory Lord,1
Kirsten Keister,Carla Peterson,1
Kirsten Keister,Lisa Marie Antonille Rhody,1
Kirsten Keister,George Williams,2
Kirsten Keister,Cory Bohon,2
Kirsten Keister,Tina Herzberg,2
Kirsten Keister,Hugh Cayless,1
Kirsten Keister,Megan Senseney,1
Kirsten Keister,Dorothea Salo,1
Kirsten Keister,Alison Fenlon,1
Kirsten Keister,Carole Palmer,1
Kirsten Keister,Julia Flanders,1
Kirsten Keister,Will Thomas,1
Kirsten Keister,Kaci Nash,1
Kirsten Keister,Clay Jeffcoat,1
Kirsten Keister,Jeremy Boggs,1
Kirsten Keister,Marty R. McKenzie,1
Kirsten Keister,Peter Mallios,1
Kirsten Keister,Ed Summers,3
Kirsten Keister,Nicholas Allen Slaughter ,1
Kirsten Keister,Rebecca Borden,1
Kirsten Keister,Jennifer Wellman,1
Kirsten Keister,Julie Greene,1
Kirsten Keister,Abhishta Paranjpe,1
Kirsten Keister,Clay Templeton,1
Kirsten Keister,Michelle Pridmore,1
Kirsten Keister,Porter Olsen,1
Kirsten Keister,Ben Shneiderman,1
Kirsten Keister,Laura Wruble,1
Kirsten Keister,Joshua Westgard,1
Kirsten Keister,Cody Buntain,1
Kirsten Keister,Nicolas Diakopoulos,1
Kirsten Keister,Jen Golbeck,1
Kirsten Keister,Ricky Punzalan,1
Kirsten Keister,Katie Shilton,1
Kirsten Keister,Catherine Knight Steele,1
Kirsten Keister,Bonnie Thornton Dill,1
Kirsten Keister,Sheri Parks,1
Kirsten Keister,Babak Hamidzadeh,1
Kirsten Keister,Dan Mack,1
Kirsten Keister,Doug McElrath,1
Kirsten Keister,Nathan Putnam,1
Kirsten Keister,Bria Parker,1
Kirsten Keister,Jen Eidson,1
Kirsten Keister,Curlee Holton,1
Kirsten Keister,Stephanie Maxwell,1
Kirsten Keister,Julie Green,1
Doug Reside,Beth Bonsignore,1
Doug Reside,Grant Dickie,4
Doug Reside,Richard Kuhta,1
Doug Reside,Jim Kuhn,1
Doug Reside,Richard Ovendon,1
Doug Reside,Michael Popham,2
Doug Reside,Tim Cole,1
Doug Reside,Herbert Van de Sompel ,1
Doug Reside,John Burns ,1
Doug Reside,Ron Chernich,1
Doug Reside,Daniel Cohen ,1
Doug Reside,Anna Gerber ,1
Doug Reside,Tom Habing,1
Doug Reside,Clare Llewellyn ,1
Doug Reside,Carole Palmer ,1
Doug Reside,Allen Renear ,1
Doug Reside,Robert Sanderson ,1
Doug Reside,Sean Takats ,1
Doug Reside,Jane Hunter ,1
Doug Reside,Trevor Muñoz,2
Doug Reside,Jennifer Guiliano,3
Doug Reside,David Brookshire,1
Doug Reside,Amanda Visconti,2
Doug Reside,Jessica Worley,1
Doug Reside,Raffaele Viglianti,1
Doug Reside,Elizabeth Denlinger,1
Doug Reside,Stephanie Sapienza,1
Doug Reside,Richard Ovenden,1
Doug Reside,Leslie Morris,1
Doug Reside,Wendell Piez,1
Doug Reside,Jamie Andrews,1
Doug Reside,Rachel Foss,1
Doug Reside,Dot Porter,1
Doug Reside,John Walsh,1
Doug Reside,Carl Stahmer,1
Doug Reside,Ketan Patil,1
Doug Reside,Gregory Lord,3
Doug Reside,Arik Lubkin,1
Doug Reside,Ralph Bauer,1
Doug Reside,Geneva Henry,1
Doug Reside,Caroline Levander,1
Doug Reside,Luis Jáuregui Frías,1
Doug Reside,Frank Hildy,1
Doug Reside,Matthew Kirschenbaum,1
Doug Reside,Angel David Nieves,1
Doug Reside,Bini Tecle,1
Doug Reside,Hugh Cayless,1
Doug Reside,Tanya Clement,1
Beth Bonsignore,Grant Dickie,1
Beth Bonsignore,Richard Kuhta,1
Beth Bonsignore,Jim Kuhn,1
Beth Bonsignore,Richard Ovendon,1
Beth Bonsignore,Michael Popham,1
Grant Dickie,Richard Kuhta,1
Grant Dickie,Jim Kuhn,1
Grant Dickie,Richard Ovendon,1
Grant Dickie,Michael Popham,1
Grant Dickie,Dot Porter,1
Grant Dickie,John Walsh,1
Richard Kuhta,Jim Kuhn,1
Richard Kuhta,Richard Ovendon,1
Richard Kuhta,Michael Popham,1
Jim Kuhn,Richard Ovendon,1
Jim Kuhn,Michael Popham,1
Richard Ovendon,Michael Popham,1
Michael Popham,Trevor Muñoz,1
Michael Popham,Jennifer Guiliano,1
Michael Popham,David Brookshire,1
Michael Popham,Amanda Visconti,1
Michael Popham,Jessica Worley,1
Michael Popham,Raffaele Viglianti,1
Michael Popham,Elizabeth Denlinger,1
Michael Popham,Stephanie Sapienza,1
Michael Popham,Richard Ovenden,1
Michael Popham,Leslie Morris,1
Michael Popham,Wendell Piez,1
Michael Popham,Jamie Andrews,1
Michael Popham,Rachel Foss,1
Tim Cole,Herbert Van de Sompel ,1
Tim Cole,John Burns ,1
Tim Cole,Ron Chernich,1
Tim Cole,Daniel Cohen ,1
Tim Cole,Anna Gerber ,1
Tim Cole,Tom Habing,1
Tim Cole,Clare Llewellyn ,1
Tim Cole,Carole Palmer ,1
Tim Cole,Allen Renear ,1
Tim Cole,Robert Sanderson ,1
Tim Cole,Sean Takats ,1
Tim Cole,Jane Hunter ,1
Herbert Van de Sompel ,John Burns ,1
Herbert Van de Sompel ,Ron Chernich,1
Herbert Van de Sompel ,Daniel Cohen ,1
Herbert Van de Sompel ,Anna Gerber ,1
Herbert Van de Sompel ,Tom Habing,1
Herbert Van de Sompel ,Clare Llewellyn ,1
Herbert Van de Sompel ,Carole Palmer ,1
Herbert Van de Sompel ,Allen Renear ,1
Herbert Van de Sompel ,Robert Sanderson ,1
Herbert Van de Sompel ,Sean Takats ,1
Herbert Van de Sompel ,Jane Hunter ,1
John Burns ,Ron Chernich,1
John Burns ,Daniel Cohen ,1
John Burns ,Anna Gerber ,1
John Burns ,Tom Habing,1
John Burns ,Clare Llewellyn ,1
John Burns ,Carole Palmer ,1
John Burns ,Allen Renear ,1
John Burns ,Robert Sanderson ,1
John Burns ,Sean Takats ,1
John Burns ,Jane Hunter ,1
Ron Chernich,Daniel Cohen ,1
Ron Chernich,Anna Gerber ,1
Ron Chernich,Tom Habing,1
Ron Chernich,Clare Llewellyn ,1
Ron Chernich,Carole Palmer ,1
Ron Chernich,Allen Renear ,1
Ron Chernich,Robert Sanderson ,1
Ron Chernich,Sean Takats ,1
Ron Chernich,Jane Hunter ,1
Daniel Cohen ,Anna Gerber ,1
Daniel Cohen ,Tom Habing,1
Daniel Cohen ,Clare Llewellyn ,1
Daniel Cohen ,Carole Palmer ,1
Daniel Cohen ,Allen Renear ,1
Daniel Cohen ,Robert Sanderson ,1
Daniel Cohen ,Sean Takats ,1
Daniel Cohen ,Jane Hunter ,1
Anna Gerber ,Tom Habing,1
Anna Gerber ,Clare Llewellyn ,1
Anna Gerber ,Carole Palmer ,1
Anna Gerber ,Allen Renear ,1
Anna Gerber ,Robert Sanderson ,1
Anna Gerber ,Sean Takats ,1
Anna Gerber ,Jane Hunter ,1
Tom Habing,Clare Llewellyn ,1
Tom Habing,Carole Palmer ,1
Tom Habing,Allen Renear ,1
Tom Habing,Robert Sanderson ,1
Tom Habing,Sean Takats ,1
Tom Habing,Jane Hunter ,1
Clare Llewellyn ,Carole Palmer ,1
Clare Llewellyn ,Allen Renear ,1
Clare Llewellyn ,Robert Sanderson ,1
Clare Llewellyn ,Sean Takats ,1
Clare Llewellyn ,Jane Hunter ,1
Carole Palmer ,Allen Renear ,1
Carole Palmer ,Robert Sanderson ,1
Carole Palmer ,Sean Takats ,1
Carole Palmer ,Jane Hunter ,1
Allen Renear ,Robert Sanderson ,1
Allen Renear ,Sean Takats ,1
Allen Renear ,Jane Hunter ,1
Robert Sanderson ,Sean Takats ,1
Robert Sanderson ,Jane Hunter ,1
Sean Takats ,Jane Hunter ,1
Trevor Muñoz,Jennifer Guiliano,11
Trevor Muñoz,David Brookshire,1
Trevor Muñoz,Amanda Visconti,6
Trevor Muñoz,Jessica Worley,1
Trevor Muñoz,Raffaele Viglianti,4
Trevor Muñoz,Elizabeth Denlinger,1
Trevor Muñoz,Stephanie Sapienza,4
Trevor Muñoz,Richard Ovenden,1
Trevor Muñoz,Leslie Morris,1
Trevor Muñoz,Wendell Piez,1
Trevor Muñoz,Jamie Andrews,1
Trevor Muñoz,Rachel Foss,1
Trevor Muñoz,Peter Mallios,2
Trevor Muñoz,Ed Summers,4
Trevor Muñoz,Hayim Lapin,1
Trevor Muñoz,Hugh Cayless,1
Trevor Muñoz,Megan Senseney,1
Trevor Muñoz,Dorothea Salo,1
Trevor Muñoz,Alison Fenlon,1
Trevor Muñoz,Carole Palmer,1
Trevor Muñoz,Julia Flanders,1
Trevor Muñoz,Will Thomas,1
Trevor Muñoz,Kaci Nash,1
Trevor Muñoz,Matt Cohen,1
Trevor Muñoz,Brett Barney,1
Trevor Muñoz,Keith Nickum,1
Trevor Muñoz,Nicholas Allen Slaughter ,1
Trevor Muñoz,Rebecca Borden,1
Trevor Muñoz,Jennifer Wellman,1
Trevor Muñoz,Julie Greene,1
Trevor Muñoz,Michelle Pridmore,1
Trevor Muñoz,Porter Olsen,1
Trevor Muñoz,Ben Shneiderman,1
Trevor Muñoz,Laura Wruble,1
Trevor Muñoz,Joshua Westgard,1
Trevor Muñoz,Cody Buntain,1
Trevor Muñoz,Nicolas Diakopoulos,1
Trevor Muñoz,Jen Golbeck,1
Trevor Muñoz,Ricky Punzalan,1
Trevor Muñoz,Katie Shilton,1
Trevor Muñoz,Catherine Knight Steele,1
Trevor Muñoz,Bonnie Thornton Dill,1
Trevor Muñoz,Sheri Parks,1
Trevor Muñoz,Babak Hamidzadeh,1
Trevor Muñoz,Dan Mack,1
Trevor Muñoz,Doug McElrath,1
Trevor Muñoz,Nathan Putnam,1
Trevor Muñoz,Bria Parker,1
Trevor Muñoz,Jen Eidson,1
Trevor Muñoz,Curlee Holton,1
Trevor Muñoz,Stephanie Maxwell,1
Trevor Muñoz,Julie Green,1
Jennifer Guiliano,David Brookshire,1
Jennifer Guiliano,Amanda Visconti,8
Jennifer Guiliano,Jessica Worley,1
Jennifer Guiliano,Raffaele Viglianti,1
Jennifer Guiliano,Elizabeth Denlinger,1
Jennifer Guiliano,Stephanie Sapienza,2
Jennifer Guiliano,Richard Ovenden,1
Jennifer Guiliano,Leslie Morris,1
Jennifer Guiliano,Wendell Piez,1
Jennifer Guiliano,Jamie Andrews,1
Jennifer Guiliano,Rachel Foss,1
Jennifer Guiliano,Peter Mallios,1
Jennifer Guiliano,Ed Summers,1
Jennifer Guiliano,George Williams,2
Jennifer Guiliano,Cory Bohon,2
Jennifer Guiliano,Tina Herzberg,2
Jennifer Guiliano,Hugh Cayless,1
Jennifer Guiliano,Will Thomas,1
Jennifer Guiliano,Kaci Nash,1
Jennifer Guiliano,Clay Jeffcoat,1
Jennifer Guiliano,Jeremy Boggs,1
Jennifer Guiliano,Marty R. McKenzie,1
Jennifer Guiliano,Julie Greene,1
Jennifer Guiliano,Abhishta Paranjpe,1
Jennifer Guiliano,Clay Templeton,1
Jennifer Guiliano,Michelle Pridmore,1
David Brookshire,Amanda Visconti,1
David Brookshire,Jessica Worley,1
David Brookshire,Raffaele Viglianti,1
David Brookshire,Elizabeth Denlinger,1
David Brookshire,Stephanie Sapienza,1
David Brookshire,Richard Ovenden,1
David Brookshire,Leslie Morris,1
David Brookshire,Wendell Piez,1
David Brookshire,Jamie Andrews,1
David Brookshire,Rachel Foss,1
Amanda Visconti,Jessica Worley,1
Amanda Visconti,Raffaele Viglianti,1
Amanda Visconti,Elizabeth Denlinger,1
Amanda Visconti,Stephanie Sapienza,1
Amanda Visconti,Richard Ovenden,1
Amanda Visconti,Leslie Morris,1
Amanda Visconti,Wendell Piez,1
Amanda Visconti,Jamie Andrews,1
Amanda Visconti,Rachel Foss,1
Amanda Visconti,Leigh Smiley,1
Amanda Visconti,Matthew Kirschenbaum,3
Amanda Visconti,Peter Mallios,1
Amanda Visconti,Ed Summers,1
Amanda Visconti,Porter Olsen,2
Amanda Visconti,Carla Peterson,1
Amanda Visconti,Lisa Marie Antonille Rhody,1
Amanda Visconti,George Williams,1
Amanda Visconti,Cory Bohon,1
Amanda Visconti,Tina Herzberg,1
Amanda Visconti,Hugh Cayless,1
Amanda Visconti,Abhishta Paranjpe,1
Amanda Visconti,Clay Templeton,1
Jessica Worley,Raffaele Viglianti,1
Jessica Worley,Elizabeth Denlinger,1
Jessica Worley,Stephanie Sapienza,1
Jessica Worley,Richard Ovenden,1
Jessica Worley,Leslie Morris,1
Jessica Worley,Wendell Piez,1
Jessica Worley,Jamie Andrews,1
Jessica Worley,Rachel Foss,1
Raffaele Viglianti,Elizabeth Denlinger,1
Raffaele Viglianti,Stephanie Sapienza,4
Raffaele Viglianti,Richard Ovenden,1
Raffaele Viglianti,Leslie Morris,1
Raffaele Viglianti,Wendell Piez,1
Raffaele Viglianti,Jamie Andrews,1
Raffaele Viglianti,Rachel Foss,1
Raffaele Viglianti,Matt Cohen,1
Raffaele Viglianti,Brett Barney,1
Raffaele Viglianti,Keith Nickum,1
Raffaele Viglianti,Peter Mallios,1
Raffaele Viglianti,Ed Summers,2
Raffaele Viglianti,Nicholas Allen Slaughter ,1
Raffaele Viglianti,Rebecca Borden,1
Raffaele Viglianti,Jennifer Wellman,1
Raffaele Viglianti,Richard Freedman,2
Raffaele Viglianti,Andrew Hankinson,1
Raffaele Viglianti,Catherine Knight Steele,2
Raffaele Viglianti,Bonnie Thornton Dill,1
Raffaele Viglianti,Sheri Parks,1
Raffaele Viglianti,Babak Hamidzadeh,1
Raffaele Viglianti,Dan Mack,1
Raffaele Viglianti,Doug McElrath,1
Raffaele Viglianti,Nathan Putnam,1
Raffaele Viglianti,Bria Parker,1
Raffaele Viglianti,Jen Eidson,1
Raffaele Viglianti,Curlee Holton,1
Raffaele Viglianti,Stephanie Maxwell,1
Raffaele Viglianti,Julie Green,1
Raffaele Viglianti,David Fiala,1
Raffaele Viglianti,Purdom Lindblad,1
Elizabeth Denlinger,Stephanie Sapienza,1
Elizabeth Denlinger,Richard Ovenden,1
Elizabeth Denlinger,Leslie Morris,1
Elizabeth Denlinger,Wendell Piez,1
Elizabeth Denlinger,Jamie Andrews,1
Elizabeth Denlinger,Rachel Foss,1
Stephanie Sapienza,Richard Ovenden,1
Stephanie Sapienza,Leslie Morris,1
Stephanie Sapienza,Wendell Piez,1
Stephanie Sapienza,Jamie Andrews,1
Stephanie Sapienza,Rachel Foss,1
Stephanie Sapienza,Peter Mallios,1
Stephanie Sapienza,Ed Summers,4
Stephanie Sapienza,Nicholas Allen Slaughter ,1
Stephanie Sapienza,Rebecca Borden,1
Stephanie Sapienza,Jennifer Wellman,1
Stephanie Sapienza,Porter Olsen,1
Stephanie Sapienza,Ben Shneiderman,2
Stephanie Sapienza,Laura Wruble,1
Stephanie Sapienza,Joshua Westgard,1
Stephanie Sapienza,Cody Buntain,1
Stephanie Sapienza,Nicolas Diakopoulos,1
Stephanie Sapienza,Jen Golbeck,1
Stephanie Sapienza,Ricky Punzalan,1
Stephanie Sapienza,Katie Shilton,1
Stephanie Sapienza,Catherine Knight Steele,2
Stephanie Sapienza,Bonnie Thornton Dill,1
Stephanie Sapienza,Sheri Parks,1
Stephanie Sapienza,Babak Hamidzadeh,1
Stephanie Sapienza,Dan Mack,1
Stephanie Sapienza,Doug McElrath,1
Stephanie Sapienza,Nathan Putnam,1
Stephanie Sapienza,Bria Parker,1
Stephanie Sapienza,Jen Eidson,1
Stephanie Sapienza,Curlee Holton,1
Stephanie Sapienza,Stephanie Maxwell,1
Stephanie Sapienza,Julie Green,1
Stephanie Sapienza,Matthew Kirschenbaum,2
Stephanie Sapienza,Andy Van Dam,1
Stephanie Sapienza,Brett Bobley,1
Stephanie Sapienza,Ann Sneesby-Koch,1
Stephanie Sapienza,Jason Farman,1
Stephanie Sapienza,Purdom Lindblad,2
Richard Ovenden,Leslie Morris,1
Richard Ovenden,Wendell Piez,1
Richard Ovenden,Jamie Andrews,1
Richard Ovenden,Rachel Foss,1
Leslie Morris,Wendell Piez,1
Leslie Morris,Jamie Andrews,1
Leslie Morris,Rachel Foss,1
Wendell Piez,Jamie Andrews,1
Wendell Piez,Rachel Foss,1
Jamie Andrews,Rachel Foss,1
Frank Hildy,Gregory Lord,1
Dot Porter,John Walsh,1
Matthew Kirschenbaum,Rachel Donahue,2
Matthew Kirschenbaum,Kari Kraus,1
Matthew Kirschenbaum,Henry Lowood,2
Matthew Kirschenbaum,Susan Rojo,2
Matthew Kirschenbaum,Eric Kaltman,1
Matthew Kirschenbaum,Andrew Phelps,2
Matthew Kirschenbaum,Jerry McDonough,2
Matthew Kirschenbaum,Rhiannon Bettivia,1
Matthew Kirschenbaum,Megan Senseney,1
Matthew Kirschenbaum,Chris Egert,1
Matthew Kirschenbaum,Michael Shanks,1
Matthew Kirschenbaum,Kari Krauss,1
Matthew Kirschenbaum,Patricia Hswe,1
Matthew Kirschenbaum,Walker Sampson,1
Matthew Kirschenbaum,Charles Pinnix,1
Matthew Kirschenbaum,Porter Olsen,2
Matthew Kirschenbaum,Gregory Lord,1
Matthew Kirschenbaum,Tanya Clement,1
Matthew Kirschenbaum,Martha Nell Smith,1
Matthew Kirschenbaum,Catherine Plaisant-Schwenn,1
Matthew Kirschenbaum,Brett Bobley ,1
Matthew Kirschenbaum,Fred Winter,1
Matthew Kirschenbaum,Bernie Frischer,1
Matthew Kirschenbaum,Mark Kornbluh,1
Matthew Kirschenbaum,Daniel Pitti,1
Matthew Kirschenbaum,Roy Rosenzweig,1
Matthew Kirschenbaum,John Unsworth,1
Matthew Kirschenbaum,Kay Walter,1
Matthew Kirschenbaum,Susan Schreibman,1
Matthew Kirschenbaum,Amit Kumar,1
Matthew Kirschenbaum,Eric White,1
Matthew Kirschenbaum,Jerzy W. Jaromczyk,1
Matthew Kirschenbaum,Adam Turner,1
Matthew Kirschenbaum,Laura Reynolds,1
Matthew Kirschenbaum,Brett Barney,1
Matthew Kirschenbaum,Claire Warwick,1
Matthew Kirschenbaum,Willard McCarty,1
Matthew Kirschenbaum,Allen Renear,1
Matthew Kirschenbaum,Michael Eberle-Sinatra,1
Matthew Kirschenbaum,Stéfan Sinclair,1
Matthew Kirschenbaum,John Nerbonne,1
Matthew Kirschenbaum,Jan Rybicki,1
Matthew Kirschenbaum,Paul Spence,1
Matthew Kirschenbaum,Ben Shneiderman,1
Matthew Kirschenbaum,Andy Van Dam,1
Matthew Kirschenbaum,Brett Bobley,1
Matthew Kirschenbaum,Ann Sneesby-Koch,1
Matthew Kirschenbaum,Jason Farman,1
Rachel Donahue,Kari Kraus,1
Rachel Donahue,Henry Lowood,2
Rachel Donahue,Susan Rojo,2
Rachel Donahue,Eric Kaltman,1
Rachel Donahue,Andrew Phelps,2
Rachel Donahue,Jerry McDonough,2
Rachel Donahue,Rhiannon Bettivia,1
Rachel Donahue,Megan Senseney,1
Rachel Donahue,Chris Egert,1
Rachel Donahue,Michael Shanks,1
Rachel Donahue,Kari Krauss,1
Rachel Donahue,Patricia Hswe,1
Kari Kraus,Henry Lowood,1
Kari Kraus,Susan Rojo,1
Kari Kraus,Eric Kaltman,1
Kari Kraus,Andrew Phelps,1
Kari Kraus,Jerry McDonough,1
Kari Kraus,Rhiannon Bettivia,1
Kari Kraus,Megan Senseney,1
Kari Kraus,Chris Egert,1
Henry Lowood,Susan Rojo,2
Henry Lowood,Eric Kaltman,1
Henry Lowood,Andrew Phelps,2
Henry Lowood,Jerry McDonough,2
Henry Lowood,Rhiannon Bettivia,1
Henry Lowood,Megan Senseney,1
Henry Lowood,Chris Egert,1
Henry Lowood,Michael Shanks,1
Henry Lowood,Kari Krauss,1
Henry Lowood,Patricia Hswe,1
Susan Rojo,Eric Kaltman,1
Susan Rojo,Andrew Phelps,2
Susan Rojo,Jerry McDonough,2
Susan Rojo,Rhiannon Bettivia,1
Susan Rojo,Megan Senseney,1
Susan Rojo,Chris Egert,1
Susan Rojo,Michael Shanks,1
Susan Rojo,Kari Krauss,1
Susan Rojo,Patricia Hswe,1
Eric Kaltman,Andrew Phelps,1
Eric Kaltman,Jerry McDonough,1
Eric Kaltman,Rhiannon Bettivia,1
Eric Kaltman,Megan Senseney,1
Eric Kaltman,Chris Egert,1
Andrew Phelps,Jerry McDonough,2
Andrew Phelps,Rhiannon Bettivia,1
Andrew Phelps,Megan Senseney,1
Andrew Phelps,Chris Egert,1
Andrew Phelps,Michael Shanks,1
Andrew Phelps,Kari Krauss,1
Andrew Phelps,Patricia Hswe,1
Jerry McDonough,Rhiannon Bettivia,1
Jerry McDonough,Megan Senseney,1
Jerry McDonough,Chris Egert,1
Jerry McDonough,Michael Shanks,1
Jerry McDonough,Kari Krauss,1
Jerry McDonough,Patricia Hswe,1
Rhiannon Bettivia,Megan Senseney,1
Rhiannon Bettivia,Chris Egert,1
Megan Senseney,Chris Egert,1
Megan Senseney,Dorothea Salo,1
Megan Senseney,Alison Fenlon,1
Megan Senseney,Carole Palmer,1
Megan Senseney,Julia Flanders,1
Michael Shanks,Kari Krauss,1
Michael Shanks,Patricia Hswe,1
Kari Krauss,Patricia Hswe,1
Carl Stahmer,Ketan Patil,1
Carl Stahmer,Gregory Lord,1
Carl Stahmer,Arik Lubkin,1
Carl Stahmer,Ralph Bauer,1
Carl Stahmer,Geneva Henry,1
Carl Stahmer,Caroline Levander,1
Carl Stahmer,Luis Jáuregui Frías,1
Ketan Patil,Gregory Lord,1
Ketan Patil,Arik Lubkin,1
Ketan Patil,Ralph Bauer,1
Ketan Patil,Geneva Henry,1
Ketan Patil,Caroline Levander,1
Ketan Patil,Luis Jáuregui Frías,1
Gregory Lord,Arik Lubkin,1
Gregory Lord,Ralph Bauer,1
Gregory Lord,Geneva Henry,1
Gregory Lord,Caroline Levander,1
Gregory Lord,Luis Jáuregui Frías,1
Gregory Lord,Martha Nell Smith,2
Gregory Lord,David Driskell,1
Gregory Lord,Tanya Clement,1
Gregory Lord,Catherine Plaisant-Schwenn,1
Gregory Lord,Angel David Nieves,2
Gregory Lord,Bini Tecle,1
Gregory Lord,Merle Collins,1
Gregory Lord,Julia Flanders,1
Gregory Lord,Zita Nunes,1
Gregory Lord,Abdul Alkalimat,1
Gregory Lord,Syd Bauman,1
Gregory Lord,Bryan Carter,1
Gregory Lord,Howard Dodson,1
Gregory Lord,Anna Everett,1
Gregory Lord,Jerome Handler,1
Gregory Lord,Kara Keeling,1
Gregory Lord,Alexander Weheliye,1
Gregory Lord,Pamela Z,1
Gregory Lord,DJ Spooky,1
Arik Lubkin,Ralph Bauer,1
Arik Lubkin,Geneva Henry,1
Arik Lubkin,Caroline Levander,1
Arik Lubkin,Luis Jáuregui Frías,1
Ralph Bauer,Geneva Henry,1
Ralph Bauer,Caroline Levander,1
Ralph Bauer,Luis Jáuregui Frías,1
Ralph Bauer,Susan Schreibman,1
Ralph Bauer,Amit Kumar,1
Ralph Bauer,Ann M. Hanlon,1
Ralph Bauer,Eric White,1
Ralph Bauer,Tanya Clement,1
Ralph Bauer,Jarom McDonald,1
Geneva Henry,Caroline Levander,1
Geneva Henry,Luis Jáuregui Frías,1
Caroline Levander,Luis Jáuregui Frías,1
Walker Sampson,Charles Pinnix,1
Peter Mallios,Ed Summers,2
Peter Mallios,Nicholas Allen Slaughter ,1
Peter Mallios,Rebecca Borden,1
Peter Mallios,Jennifer Wellman,1
Ed Summers,Nicholas Allen Slaughter ,1
Ed Summers,Rebecca Borden,1
Ed Summers,Jennifer Wellman,1
Ed Summers,Porter Olsen,1
Ed Summers,Ben Shneiderman,1
Ed Summers,Laura Wruble,1
Ed Summers,Joshua Westgard,1
Ed Summers,Cody Buntain,1
Ed Summers,Nicolas Diakopoulos,1
Ed Summers,Jen Golbeck,1
Ed Summers,Ricky Punzalan,1
Ed Summers,Katie Shilton,1
Ed Summers,Vernon Mitchell,1
Ed Summers,Bergis Jules,1
Ed Summers,Catherine Knight Steele,1
Ed Summers,Bonnie Thornton Dill,1
Ed Summers,Sheri Parks,1
Ed Summers,Babak Hamidzadeh,1
Ed Summers,Dan Mack,1
Ed Summers,Doug McElrath,1
Ed Summers,Nathan Putnam,1
Ed Summers,Bria Parker,1
Ed Summers,Jen Eidson,1
Ed Summers,Curlee Holton,1
Ed Summers,Stephanie Maxwell,1
Ed Summers,Julie Green,1
Ed Summers,Purdom Lindblad,1
Susan Schreibman,Amit Kumar,6
Susan Schreibman,Ann M. Hanlon,1
Susan Schreibman,Eric White,4
Susan Schreibman,Tanya Clement,1
Susan Schreibman,Jarom McDonald,2
Susan Schreibman,Carolina Robertson,1
Susan Schreibman,Jason Rhody,2
Susan Schreibman,Thomas Stanley,1
Susan Schreibman,George Williams,1
Susan Schreibman,Yi Weng,1
Susan Schreibman,Christopher Baran,2
Susan Schreibman,Kevin Lynch,2
Susan Schreibman,Gretchen Gueguen,1
Susan Schreibman,Elizabeth Tobey,1
Susan Schreibman,Lara Vetter,1
Susan Schreibman,Jerzy W. Jaromczyk,1
Susan Schreibman,Adam Turner,1
Susan Schreibman,Laura Reynolds,1
Amit Kumar,Ann M. Hanlon,1
Amit Kumar,Eric White,4
Amit Kumar,Tanya Clement,1
Amit Kumar,Jarom McDonald,2
Amit Kumar,Carolina Robertson,1
Amit Kumar,Jason Rhody,2
Amit Kumar,Thomas Stanley,1
Amit Kumar,George Williams,1
Amit Kumar,Yi Weng,1
Amit Kumar,Christopher Baran,2
Amit Kumar,Kevin Lynch,2
Amit Kumar,Gretchen Gueguen,1
Amit Kumar,Elizabeth Tobey,1
Amit Kumar,Lara Vetter,1
Amit Kumar,Jerzy W. Jaromczyk,1
Amit Kumar,Adam Turner,1
Amit Kumar,Laura Reynolds,1
Ann M. Hanlon,Eric White,1
Ann M. Hanlon,Tanya Clement,1
Ann M. Hanlon,Jarom McDonald,1
Eric White,Tanya Clement,1
Eric White,Jarom McDonald,2
Eric White,Jason Rhody,1
Eric White,George Williams,1
Eric White,Helen Hull,1
Eric White,Meg Pearson,1
Eric White,Erin Sadlack,1
Eric White,Sharon Achinstein ,1
Eric White,Chris Bowling,1
Eric White,Christopher Baran,1
Eric White,Kevin Lynch,1
Eric White,Gretchen Gueguen,1
Eric White,Elizabeth Tobey,1
Eric White,Lara Vetter,1
Eric White,Jerzy W. Jaromczyk,1
Eric White,Adam Turner,1
Eric White,Laura Reynolds,1
Tanya Clement,Jarom McDonald,1
Tanya Clement,Martha Nell Smith,1
Tanya Clement,Catherine Plaisant-Schwenn,1
Jarom McDonald,Lara Vetter,1
Jarom McDonald,Jason Rhody,2
Jarom McDonald,Thomas Stanley,2
Jarom McDonald,George Williams,2
Jarom McDonald,Rodney Petersen,2
Jarom McDonald,Catherine Hays,2
Jarom McDonald,Gina Calia,2
Jarom McDonald,Nancy O'Neill,2
Martha Nell Smith,Tammy Gravenhorst Berberi,1
Martha Nell Smith,Michael T. Coventry,1
Martha Nell Smith,Brenda J. Brueggemann,1
Martha Nell Smith,Jeffrey Ian Finlay,1
Martha Nell Smith,Rosemarie Garland-Thomson,1
Martha Nell Smith,Ann Fox,1
Martha Nell Smith,Martha Stoddard Holmes,1
Martha Nell Smith,Dan Newsome,1
Martha Nell Smith,Jennifer Sutton,1
Martha Nell Smith,David Driskell,1
Martha Nell Smith,Catherine Plaisant-Schwenn,1
Martha Nell Smith,John Fuegi,1
Martha Nell Smith,Silvia Mejia,1
Martha Nell Smith,Jason Rhody,1
Martha Nell Smith,George Williams,1
Martha Nell Smith,Gisele Audrey-Mills,1
Martha Nell Smith,Kelly Quinn,1
Martha Nell Smith,Eileen Julien,1
Porter Olsen,Ben Shneiderman,1
Porter Olsen,Laura Wruble,1
Porter Olsen,Joshua Westgard,1
Porter Olsen,Cody Buntain,1
Porter Olsen,Nicolas Diakopoulos,1
Porter Olsen,Jen Golbeck,1
Porter Olsen,Ricky Punzalan,1
Porter Olsen,Katie Shilton,1
Tammy Gravenhorst Berberi,Michael T. Coventry,1
Tammy Gravenhorst Berberi,Brenda J. Brueggemann,1
Tammy Gravenhorst Berberi,Jeffrey Ian Finlay,1
Tammy Gravenhorst Berberi,Rosemarie Garland-Thomson,1
Tammy Gravenhorst Berberi,Ann Fox,1
Tammy Gravenhorst Berberi,Martha Stoddard Holmes,1
Tammy Gravenhorst Berberi,Dan Newsome,1
Tammy Gravenhorst Berberi,Jennifer Sutton,1
Michael T. Coventry,Brenda J. Brueggemann,1
Michael T. Coventry,Jeffrey Ian Finlay,1
Michael T. Coventry,Rosemarie Garland-Thomson,1
Michael T. Coventry,Ann Fox,1
Michael T. Coventry,Martha Stoddard Holmes,1
Michael T. Coventry,Dan Newsome,1
Michael T. Coventry,Jennifer Sutton,1
Brenda J. Brueggemann,Jeffrey Ian Finlay,1
Brenda J. Brueggemann,Rosemarie Garland-Thomson,1
Brenda J. Brueggemann,Ann Fox,1
Brenda J. Brueggemann,Martha Stoddard Holmes,1
Brenda J. Brueggemann,Dan Newsome,1
Brenda J. Brueggemann,Jennifer Sutton,1
Jeffrey Ian Finlay,Rosemarie Garland-Thomson,1
Jeffrey Ian Finlay,Ann Fox,1
Jeffrey Ian Finlay,Martha Stoddard Holmes,1
Jeffrey Ian Finlay,Dan Newsome,1
Jeffrey Ian Finlay,Jennifer Sutton,1
Rosemarie Garland-Thomson,Ann Fox,1
Rosemarie Garland-Thomson,Martha Stoddard Holmes,1
Rosemarie Garland-Thomson,Dan Newsome,1
Rosemarie Garland-Thomson,Jennifer Sutton,1
Ann Fox,Martha Stoddard Holmes,1
Ann Fox,Dan Newsome,1
Ann Fox,Jennifer Sutton,1
Martha Stoddard Holmes,Dan Newsome,1
Martha Stoddard Holmes,Jennifer Sutton,1
Dan Newsome,Jennifer Sutton,1
Katie King,David Silver,1
Katie King,Randy Bass,1
Katie King,Brenda Danet,1
Katie King,David Gauntlett,1
Katie King,"Earl Jackson, Jr",1
Katie King,Steve Jones,1
Katie King,Robert Kolker,1
Katie King,Shelley Pasnik,1
Katie King,Howard Rheingold,1
Katie King,Wendy Robinson,1
Katie King,Douglas Rushkoff,1
Katie King,Ben Shneiderman,1
Katie King,Mary Corbin Sies,1
Katie King,Fay Sudweeks,1
Katie King,Douglas Thomas,1
Katie King,Jeff Tycz,1
John Fuegi,Jo Francis,1
John Fuegi,Silvia Mejia,1
Carolina Robertson,Jason Rhody,1
Carolina Robertson,Thomas Stanley,1
Carolina Robertson,George Williams,1
Carolina Robertson,Yi Weng,1
Jason Rhody,Thomas Stanley,2
Jason Rhody,George Williams,4
Jason Rhody,Yi Weng,1
Jason Rhody,Christopher Baran,1
Jason Rhody,Kevin Lynch,1
Jason Rhody,Helen Hull,1
Jason Rhody,Meg Pearson,1
Jason Rhody,Erin Sadlack,1
Jason Rhody,Sharon Achinstein ,1
Jason Rhody,Chris Bowling,1
Jason Rhody,Gisele Audrey-Mills,1
Jason Rhody,Kelly Quinn,1
Jason Rhody,Rodney Petersen,1
Jason Rhody,Catherine Hays,1
Jason Rhody,Gina Calia,1
Jason Rhody,Nancy O'Neill,1
Thomas Stanley,George Williams,2
Thomas Stanley,Yi Weng,1
Thomas Stanley,Rodney Petersen,1
Thomas Stanley,Catherine Hays,1
Thomas Stanley,Gina Calia,1
Thomas Stanley,Nancy O'Neill,1
George Williams,Yi Weng,1
George Williams,Cory Bohon,2
George Williams,Tina Herzberg,2
George Williams,Clay Jeffcoat,1
George Williams,Jeremy Boggs,1
George Williams,Marty R. McKenzie,1
George Williams,Helen Hull,1
George Williams,Meg Pearson,1
George Williams,Erin Sadlack,1
George Williams,Sharon Achinstein ,1
George Williams,Chris Bowling,1
George Williams,Gisele Audrey-Mills,1
George Williams,Kelly Quinn,1
George Williams,Rodney Petersen,1
George Williams,Catherine Hays,1
George Williams,Gina Calia,1
George Williams,Nancy O'Neill,1
David Silver,Randy Bass,1
David Silver,Brenda Danet,1
David Silver,David Gauntlett,1
David Silver,"Earl Jackson, Jr",1
David Silver,Steve Jones,1
David Silver,Robert Kolker,1
David Silver,Shelley Pasnik,1
David Silver,Howard Rheingold,1
David Silver,Wendy Robinson,1
David Silver,Douglas Rushkoff,1
David Silver,Ben Shneiderman,1
David Silver,Mary Corbin Sies,1
David Silver,Fay Sudweeks,1
David Silver,Douglas Thomas,1
David Silver,Jeff Tycz,1
Randy Bass,Brenda Danet,1
Randy Bass,David Gauntlett,1
Randy Bass,"Earl Jackson, Jr",1
Randy Bass,Steve Jones,1
Randy Bass,Robert Kolker,1
Randy Bass,Shelley Pasnik,1
Randy Bass,Howard Rheingold,1
Randy Bass,Wendy Robinson,1
Randy Bass,Douglas Rushkoff,1
Randy Bass,Ben Shneiderman,1
Randy Bass,Mary Corbin Sies,1
Randy Bass,Fay Sudweeks,1
Randy Bass,Douglas Thomas,1
Randy Bass,Jeff Tycz,1
Brenda Danet,David Gauntlett,1
Brenda Danet,"Earl Jackson, Jr",1
Brenda Danet,Steve Jones,1
Brenda Danet,Robert Kolker,1
Brenda Danet,Shelley Pasnik,1
Brenda Danet,Howard Rheingold,1
Brenda Danet,Wendy Robinson,1
Brenda Danet,Douglas Rushkoff,1
Brenda Danet,Ben Shneiderman,1
Brenda Danet,Mary Corbin Sies,1
Brenda Danet,Fay Sudweeks,1
Brenda Danet,Douglas Thomas,1
Brenda Danet,Jeff Tycz,1
David Gauntlett,"Earl Jackson, Jr",1
David Gauntlett,Steve Jones,1
David Gauntlett,Robert Kolker,1
David Gauntlett,Shelley Pasnik,1
David Gauntlett,Howard Rheingold,1
David Gauntlett,Wendy Robinson,1
David Gauntlett,Douglas Rushkoff,1
David Gauntlett,Ben Shneiderman,1
David Gauntlett,Mary Corbin Sies,1
David Gauntlett,Fay Sudweeks,1
David Gauntlett,Douglas Thomas,1
David Gauntlett,Jeff Tycz,1
"Earl Jackson, Jr",Steve Jones,1
"Earl Jackson, Jr",Robert Kolker,1
"Earl Jackson, Jr",Shelley Pasnik,1
"Earl Jackson, Jr",Howard Rheingold,1
"Earl Jackson, Jr",Wendy Robinson,1
"Earl Jackson, Jr",Douglas Rushkoff,1
"Earl Jackson, Jr",Ben Shneiderman,1
"Earl Jackson, Jr",Mary Corbin Sies,1
"Earl Jackson, Jr",Fay Sudweeks,1
"Earl Jackson, Jr",Douglas Thomas,1
"Earl Jackson, Jr",Jeff Tycz,1
Steve Jones,Robert Kolker,1
Steve Jones,Shelley Pasnik,1
Steve Jones,Howard Rheingold,1
Steve Jones,Wendy Robinson,1
Steve Jones,Douglas Rushkoff,1
Steve Jones,Ben Shneiderman,1
Steve Jones,Mary Corbin Sies,1
Steve Jones,Fay Sudweeks,1
Steve Jones,Douglas Thomas,1
Steve Jones,Jeff Tycz,1
Robert Kolker,Shelley Pasnik,1
Robert Kolker,Howard Rheingold,1
Robert Kolker,Wendy Robinson,1
Robert Kolker,Douglas Rushkoff,1
Robert Kolker,Ben Shneiderman,1
Robert Kolker,Mary Corbin Sies,1
Robert Kolker,Fay Sudweeks,1
Robert Kolker,Douglas Thomas,1
Robert Kolker,Jeff Tycz,1
Shelley Pasnik,Howard Rheingold,1
Shelley Pasnik,Wendy Robinson,1
Shelley Pasnik,Douglas Rushkoff,1
Shelley Pasnik,Ben Shneiderman,1
Shelley Pasnik,Mary Corbin Sies,1
Shelley Pasnik,Fay Sudweeks,1
Shelley Pasnik,Douglas Thomas,1
Shelley Pasnik,Jeff Tycz,1
Howard Rheingold,Wendy Robinson,1
Howard Rheingold,Douglas Rushkoff,1
Howard Rheingold,Ben Shneiderman,1
Howard Rheingold,Mary Corbin Sies,1
Howard Rheingold,Fay Sudweeks,1
Howard Rheingold,Douglas Thomas,1
Howard Rheingold,Jeff Tycz,1
Wendy Robinson,Douglas Rushkoff,1
Wendy Robinson,Ben Shneiderman,1
Wendy Robinson,Mary Corbin Sies,1
Wendy Robinson,Fay Sudweeks,1
Wendy Robinson,Douglas Thomas,1
Wendy Robinson,Jeff Tycz,1
Douglas Rushkoff,Ben Shneiderman,1
Douglas Rushkoff,Mary Corbin Sies,1
Douglas Rushkoff,Fay Sudweeks,1
Douglas Rushkoff,Douglas Thomas,1
Douglas Rushkoff,Jeff Tycz,1
Ben Shneiderman,Mary Corbin Sies,1
Ben Shneiderman,Fay Sudweeks,1
Ben Shneiderman,Douglas Thomas,1
Ben Shneiderman,Jeff Tycz,1
Ben Shneiderman,Laura Wruble,1
Ben Shneiderman,Joshua Westgard,1
Ben Shneiderman,Cody Buntain,1
Ben Shneiderman,Nicolas Diakopoulos,1
Ben Shneiderman,Jen Golbeck,1
Ben Shneiderman,Ricky Punzalan,1
Ben Shneiderman,Katie Shilton,1
Ben Shneiderman,Andy Van Dam,1
Ben Shneiderman,Brett Bobley,1
Ben Shneiderman,Ann Sneesby-Koch,1
Mary Corbin Sies,Fay Sudweeks,1
Mary Corbin Sies,Douglas Thomas,1
Mary Corbin Sies,Jeff Tycz,1
Fay Sudweeks,Douglas Thomas,1
Fay Sudweeks,Jeff Tycz,1
Douglas Thomas,Jeff Tycz,1
Merle Collins,Angel David Nieves,1
Merle Collins,Julia Flanders,1
Merle Collins,Zita Nunes,1
Merle Collins,Abdul Alkalimat,1
Merle Collins,Syd Bauman,1
Merle Collins,Bryan Carter,1
Merle Collins,Howard Dodson,1
Merle Collins,Anna Everett,1
Merle Collins,Jerome Handler,1
Merle Collins,Kara Keeling,1
Merle Collins,Alexander Weheliye,1
Merle Collins,Pamela Z,1
Merle Collins,DJ Spooky,1
Angel David Nieves,Bini Tecle,1
Angel David Nieves,Julia Flanders,1
Angel David Nieves,Zita Nunes,1
Angel David Nieves,Abdul Alkalimat,1
Angel David Nieves,Syd Bauman,1
Angel David Nieves,Bryan Carter,1
Angel David Nieves,Howard Dodson,1
Angel David Nieves,Anna Everett,1
Angel David Nieves,Jerome Handler,1
Angel David Nieves,Kara Keeling,1
Angel David Nieves,Alexander Weheliye,1
Angel David Nieves,Pamela Z,1
Angel David Nieves,DJ Spooky,1
Cory Bohon,Tina Herzberg,2
Cory Bohon,Clay Jeffcoat,1
Cory Bohon,Jeremy Boggs,1
Cory Bohon,Marty R. McKenzie,1
Tina Herzberg,Clay Jeffcoat,1
Tina Herzberg,Jeremy Boggs,1
Tina Herzberg,Marty R. McKenzie,1
Dorothea Salo,Alison Fenlon,1
Dorothea Salo,Carole Palmer,1
Dorothea Salo,Julia Flanders,1
Alison Fenlon,Carole Palmer,1
Alison Fenlon,Julia Flanders,1
Carole Palmer,Julia Flanders,1
Julia Flanders,Zita Nunes,1
Julia Flanders,Abdul Alkalimat,1
Julia Flanders,Syd Bauman,1
Julia Flanders,Bryan Carter,1
Julia Flanders,Howard Dodson,1
Julia Flanders,Anna Everett,1
Julia Flanders,Jerome Handler,1
Julia Flanders,Kara Keeling,1
Julia Flanders,Alexander Weheliye,1
Julia Flanders,Pamela Z,1
Julia Flanders,DJ Spooky,1
Will Thomas,Kaci Nash,1
Clay Jeffcoat,Jeremy Boggs,1
Clay Jeffcoat,Marty R. McKenzie,1
Jeremy Boggs,Marty R. McKenzie,1
Matt Cohen,Brett Barney,1
Matt Cohen,Keith Nickum,1
Brett Barney,Keith Nickum,1
Brett Barney,Claire Warwick,1
Brett Barney,Willard McCarty,1
Brett Barney,Allen Renear,1
Brett Barney,Michael Eberle-Sinatra,1
Brett Barney,Stéfan Sinclair,1
Brett Barney,John Nerbonne,1
Brett Barney,Jan Rybicki,1
Brett Barney,Paul Spence,1
Nicholas Allen Slaughter ,Rebecca Borden,1
Nicholas Allen Slaughter ,Jennifer Wellman,1
Rebecca Borden,Jennifer Wellman,1
Richard Freedman,Andrew Hankinson,1
Richard Freedman,David Fiala,1
Christopher Baran,Kevin Lynch,2
Christopher Baran,Gretchen Gueguen,1
Christopher Baran,Elizabeth Tobey,1
Kevin Lynch,Gretchen Gueguen,1
Kevin Lynch,Elizabeth Tobey,1
Zita Nunes,Abdul Alkalimat,1
Zita Nunes,Syd Bauman,1
Zita Nunes,Bryan Carter,1
Zita Nunes,Howard Dodson,1
Zita Nunes,Anna Everett,1
Zita Nunes,Jerome Handler,1
Zita Nunes,Kara Keeling,1
Zita Nunes,Alexander Weheliye,1
Zita Nunes,Pamela Z,1
Zita Nunes,DJ Spooky,1
Abdul Alkalimat,Syd Bauman,1
Abdul Alkalimat,Bryan Carter,1
Abdul Alkalimat,Howard Dodson,1
Abdul Alkalimat,Anna Everett,1
Abdul Alkalimat,Jerome Handler,1
Abdul Alkalimat,Kara Keeling,1
Abdul Alkalimat,Alexander Weheliye,1
Abdul Alkalimat,Pamela Z,1
Abdul Alkalimat,DJ Spooky,1
Syd Bauman,Bryan Carter,1
Syd Bauman,Howard Dodson,1
Syd Bauman,Anna Everett,1
Syd Bauman,Jerome Handler,1
Syd Bauman,Kara Keeling,1
Syd Bauman,Alexander Weheliye,1
Syd Bauman,Pamela Z,1
Syd Bauman,DJ Spooky,1
Bryan Carter,Howard Dodson,1
Bryan Carter,Anna Everett,1
Bryan Carter,Jerome Handler,1
Bryan Carter,Kara Keeling,1
Bryan Carter,Alexander Weheliye,1
Bryan Carter,Pamela Z,1
Bryan Carter,DJ Spooky,1
Howard Dodson,Anna Everett,1
Howard Dodson,Jerome Handler,1
Howard Dodson,Kara Keeling,1
Howard Dodson,Alexander Weheliye,1
Howard Dodson,Pamela Z,1
Howard Dodson,DJ Spooky,1
Anna Everett,Jerome Handler,1
Anna Everett,Kara Keeling,1
Anna Everett,Alexander Weheliye,1
Anna Everett,Pamela Z,1
Anna Everett,DJ Spooky,1
Jerome Handler,Kara Keeling,1
Jerome Handler,Alexander Weheliye,1
Jerome Handler,Pamela Z,1
Jerome Handler,DJ Spooky,1
Kara Keeling,Alexander Weheliye,1
Kara Keeling,Pamela Z,1
Kara Keeling,DJ Spooky,1
Alexander Weheliye,Pamela Z,1
Alexander Weheliye,DJ Spooky,1
Pamela Z,DJ Spooky,1
Brett Bobley ,Fred Winter,1
Brett Bobley ,Bernie Frischer,1
Brett Bobley ,Mark Kornbluh,1
Brett Bobley ,Daniel Pitti,1
Brett Bobley ,Roy Rosenzweig,1
Brett Bobley ,John Unsworth,1
Brett Bobley ,Kay Walter,1
Fred Winter,Bernie Frischer,1
Fred Winter,Mark Kornbluh,1
Fred Winter,Daniel Pitti,1
Fred Winter,Roy Rosenzweig,1
Fred Winter,John Unsworth,1
Fred Winter,Kay Walter,1
Bernie Frischer,Mark Kornbluh,1
Bernie Frischer,Daniel Pitti,1
Bernie Frischer,Roy Rosenzweig,1
Bernie Frischer,John Unsworth,1
Bernie Frischer,Kay Walter,1
Mark Kornbluh,Daniel Pitti,1
Mark Kornbluh,Roy Rosenzweig,1
Mark Kornbluh,John Unsworth,1
Mark Kornbluh,Kay Walter,1
Daniel Pitti,Roy Rosenzweig,1
Daniel Pitti,John Unsworth,1
Daniel Pitti,Kay Walter,1
Roy Rosenzweig,John Unsworth,1
Roy Rosenzweig,Kay Walter,1
John Unsworth,Kay Walter,1
Helen Hull,Meg Pearson,1
Helen Hull,Erin Sadlack,1
Helen Hull,Sharon Achinstein ,1
Helen Hull,Chris Bowling,1
Meg Pearson,Erin Sadlack,1
Meg Pearson,Sharon Achinstein ,1
Meg Pearson,Chris Bowling,1
Erin Sadlack,Sharon Achinstein ,1
Erin Sadlack,Chris Bowling,1
Sharon Achinstein ,Chris Bowling,1
Gretchen Gueguen,Elizabeth Tobey,1
Gisele Audrey-Mills,Kelly Quinn,1
Jerzy W. Jaromczyk,Adam Turner,1
Jerzy W. Jaromczyk,Laura Reynolds,1
Adam Turner,Laura Reynolds,1
Rodney Petersen,Catherine Hays,1
Rodney Petersen,Gina Calia,1
Rodney Petersen,Nancy O'Neill,1
Catherine Hays,Gina Calia,1
Catherine Hays,Nancy O'Neill,1
Gina Calia,Nancy O'Neill,1
Abhishta Paranjpe,Clay Templeton,1
Claire Warwick,Willard McCarty,1
Claire Warwick,Allen Renear,1
Claire Warwick,Michael Eberle-Sinatra,1
Claire Warwick,Stéfan Sinclair,1
Claire Warwick,John Nerbonne,1
Claire Warwick,Jan Rybicki,1
Claire Warwick,Paul Spence,1
Willard McCarty,Allen Renear,1
Willard McCarty,Michael Eberle-Sinatra,1
Willard McCarty,Stéfan Sinclair,1
Willard McCarty,John Nerbonne,1
Willard McCarty,Jan Rybicki,1
Willard McCarty,Paul Spence,1
Allen Renear,Michael Eberle-Sinatra,1
Allen Renear,Stéfan Sinclair,1
Allen Renear,John Nerbonne,1
Allen Renear,Jan Rybicki,1
Allen Renear,Paul Spence,1
Michael Eberle-Sinatra,Stéfan Sinclair,1
Michael Eberle-Sinatra,John Nerbonne,1
Michael Eberle-Sinatra,Jan Rybicki,1
Michael Eberle-Sinatra,Paul Spence,1
Stéfan Sinclair,John Nerbonne,1
Stéfan Sinclair,Jan Rybicki,1
Stéfan Sinclair,Paul Spence,1
John Nerbonne,Jan Rybicki,1
John Nerbonne,Paul Spence,1
Jan Rybicki,Paul Spence,1
Laura Wruble,Joshua Westgard,1
Laura Wruble,Cody Buntain,1
Laura Wruble,Nicolas Diakopoulos,1
Laura Wruble,Jen Golbeck,1
Laura Wruble,Ricky Punzalan,1
Laura Wruble,Katie Shilton,1
Joshua Westgard,Cody Buntain,1
Joshua Westgard,Nicolas Diakopoulos,1
Joshua Westgard,Jen Golbeck,1
Joshua Westgard,Ricky Punzalan,1
Joshua Westgard,Katie Shilton,1
Cody Buntain,Nicolas Diakopoulos,1
Cody Buntain,Jen Golbeck,1
Cody Buntain,Ricky Punzalan,1
Cody Buntain,Katie Shilton,1
Nicolas Diakopoulos,Jen Golbeck,1
Nicolas Diakopoulos,Ricky Punzalan,1
Nicolas Diakopoulos,Katie Shilton,1
Jen Golbeck,Ricky Punzalan,1
Jen Golbeck,Katie Shilton,1
Ricky Punzalan,Katie Shilton,1
Vernon Mitchell,Bergis Jules,1
Catherine Knight Steele,Bonnie Thornton Dill,1
Catherine Knight Steele,Sheri Parks,1
Catherine Knight Steele,Babak Hamidzadeh,1
Catherine Knight Steele,Dan Mack,1
Catherine Knight Steele,Doug McElrath,1
Catherine Knight Steele,Nathan Putnam,1
Catherine Knight Steele,Bria Parker,1
Catherine Knight Steele,Jen Eidson,1
Catherine Knight Steele,Curlee Holton,1
Catherine Knight Steele,Stephanie Maxwell,1
Catherine Knight Steele,Julie Green,1
Catherine Knight Steele,Purdom Lindblad,1
Bonnie Thornton Dill,Sheri Parks,1
Bonnie Thornton Dill,Babak Hamidzadeh,1
Bonnie Thornton Dill,Dan Mack,1
Bonnie Thornton Dill,Doug McElrath,1
Bonnie Thornton Dill,Nathan Putnam,1
Bonnie Thornton Dill,Bria Parker,1
Bonnie Thornton Dill,Jen Eidson,1
Bonnie Thornton Dill,Curlee Holton,1
Bonnie Thornton Dill,Stephanie Maxwell,1
Bonnie Thornton Dill,Julie Green,1
Sheri Parks,Babak Hamidzadeh,1
Sheri Parks,Dan Mack,1
Sheri Parks,Doug McElrath,1
Sheri Parks,Nathan Putnam,1
Sheri Parks,Bria Parker,1
Sheri Parks,Jen Eidson,1
Sheri Parks,Curlee Holton,1
Sheri Parks,Stephanie Maxwell,1
Sheri Parks,Julie Green,1
Babak Hamidzadeh,Dan Mack,1
Babak Hamidzadeh,Doug McElrath,1
Babak Hamidzadeh,Nathan Putnam,1
Babak Hamidzadeh,Bria Parker,1
Babak Hamidzadeh,Jen Eidson,1
Babak Hamidzadeh,Curlee Holton,1
Babak Hamidzadeh,Stephanie Maxwell,1
Babak Hamidzadeh,Julie Green,1
Dan Mack,Doug McElrath,1
Dan Mack,Nathan Putnam,1
Dan Mack,Bria Parker,1
Dan Mack,Jen Eidson,1
Dan Mack,Curlee Holton,1
Dan Mack,Stephanie Maxwell,1
Dan Mack,Julie Green,1
Doug McElrath,Nathan Putnam,1
Doug McElrath,Bria Parker,1
Doug McElrath,Jen Eidson,1
Doug McElrath,Curlee Holton,1
Doug McElrath,Stephanie Maxwell,1
Doug McElrath,Julie Green,1
Nathan Putnam,Bria Parker,1
Nathan Putnam,Jen Eidson,1
Nathan Putnam,Curlee Holton,1
Nathan Putnam,Stephanie Maxwell,1
Nathan Putnam,Julie Green,1
Bria Parker,Jen Eidson,1
Bria Parker,Curlee Holton,1
Bria Parker,Stephanie Maxwell,1
Bria Parker,Julie Green,1
Jen Eidson,Curlee Holton,1
Jen Eidson,Stephanie Maxwell,1
Jen Eidson,Julie Green,1
Curlee Holton,Stephanie Maxwell,1
Curlee Holton,Julie Green,1
Stephanie Maxwell,Julie Green,1
Andy Van Dam,Brett Bobley,1
Andy Van Dam,Ann Sneesby-Koch,1
Brett Bobley,Ann Sneesby-Koch,1
