Project Bamboo,Shakespeare Quartos Archive,2
Project Bamboo,Open Annotation Collaboration,3
Project Bamboo,Shelley-Godwin Archive,3
Project Bamboo,centerNet,1
Project Bamboo,Romantic Circles,1
Project Bamboo,Preserving Virtual Worlds I,1
Project Bamboo,Our Americas Archive Partnership,3
Project Bamboo,Corpora Space,3
Project Bamboo,Summit Meeting for Planning a Coalition of Digital Humanities Centers,1
Project Bamboo,A Special MITH *Unconference* DHKeepsOn,1
Project Bamboo,Shared Horizons,3
Project Bamboo,Digital Humanities 2009,1
Project Bamboo,Digital Humanities Incubator 2014–15: Researching Ferguson,2
Project Bamboo,"African American History, Culture and Digital Humanities",2
Project Bamboo,Art History in Digital Dimensions,1
Project Bamboo,Night Against Hate,1
Project Bamboo,Textual Embodiments: 2017 Society for Textual Scholarship Conference,1
Project Bamboo,Black Gotham Archive,2
Project Bamboo,Visual Accent and Dialect Archive (VADA),4
Project Bamboo,BrailleSC,2
Project Bamboo,ANGLES,2
Project Bamboo,Building an Accessible Future for the Humanities,2
Project Bamboo,Walt Whitman's Annotations,2
Project Bamboo,Text-Image Linking Environment,2
Project Bamboo,MITH's Vintage Computers,2
Project Bamboo,API Workshop,2
Project Bamboo,Theatre Finder,2
Project Bamboo,Foreign Literatures in America,1
Project Bamboo,Digital Mishnah,2
Project Bamboo,Collaborative Ajax-Based Modeling Platform,3
Project Bamboo,"Review, Revise, Requery",2
Project Bamboo,Active OCR,1
Project Bamboo,Princeton Prosody,1
Project Bamboo,Topic Modeling,2
Project Bamboo,The Documentation and Preservation of Dance,1
Project Bamboo,Music Theatre Online,1
Project Bamboo,Digital Humanities Data Curation,1
Project Bamboo,"“O Say Can You See”: the Early Washington, D.C. Law and Family Project",1
Project Bamboo,Workset Creation for Scholarly Analysis Project,1
Project Bamboo,Transforming The Afro-Caribbean World,1
Project Bamboo,Digital Humanities Winter Institute,1
Project Bamboo,Personal Digital Archiving 2013,1
Project Bamboo,Humanities Intensive Learning + Training,1
Shakespeare Quartos Archive,Open Annotation Collaboration,2
Shakespeare Quartos Archive,Shelley-Godwin Archive,3
Shakespeare Quartos Archive,centerNet,1
Shakespeare Quartos Archive,Romantic Circles,1
Shakespeare Quartos Archive,Preserving Virtual Worlds I,1
Shakespeare Quartos Archive,Our Americas Archive Partnership,3
Shakespeare Quartos Archive,Corpora Space,2
Shakespeare Quartos Archive,Summit Meeting for Planning a Coalition of Digital Humanities Centers,1
Shakespeare Quartos Archive,A Special MITH *Unconference* DHKeepsOn,1
Shakespeare Quartos Archive,Shared Horizons,1
Shakespeare Quartos Archive,Digital Humanities 2009,1
Shakespeare Quartos Archive,Digital Humanities Incubator 2014–15: Researching Ferguson,1
Shakespeare Quartos Archive,"African American History, Culture and Digital Humanities",1
Shakespeare Quartos Archive,Art History in Digital Dimensions,1
Shakespeare Quartos Archive,Night Against Hate,1
Shakespeare Quartos Archive,Textual Embodiments: 2017 Society for Textual Scholarship Conference,1
Shakespeare Quartos Archive,Visual Accent and Dialect Archive (VADA),1
Shakespeare Quartos Archive,Theatre Finder,1
Shakespeare Quartos Archive,The Documentation and Preservation of Dance,2
Shakespeare Quartos Archive,Text-Image Linking Environment,3
Shakespeare Quartos Archive,Music Theatre Online,2
Shakespeare Quartos Archive,MITH's Vintage Computers,1
Shakespeare Quartos Archive,Collaborative Ajax-Based Modeling Platform,2
Shakespeare Quartos Archive,API Workshop,1
Shakespeare Quartos Archive,Archimedes Palimpsest,2
Shakespeare Quartos Archive,Ajax XML Encoder (AXE),2
Shakespeare Quartos Archive,Born-Digital Literary Materials,1
Shakespeare Quartos Archive,"Soweto `76, A Living Digital Archive",1
Shakespeare Quartos Archive,ANGLES,1
Shakespeare Quartos Archive,Off the Tracks,1
Open Annotation Collaboration,Shelley-Godwin Archive,3
Open Annotation Collaboration,centerNet,1
Open Annotation Collaboration,Romantic Circles,1
Open Annotation Collaboration,Preserving Virtual Worlds I,1
Open Annotation Collaboration,Our Americas Archive Partnership,2
Open Annotation Collaboration,Corpora Space,2
Open Annotation Collaboration,Summit Meeting for Planning a Coalition of Digital Humanities Centers,1
Open Annotation Collaboration,A Special MITH *Unconference* DHKeepsOn,1
Open Annotation Collaboration,Shared Horizons,2
Open Annotation Collaboration,Digital Humanities 2009,1
Open Annotation Collaboration,Digital Humanities Incubator 2014–15: Researching Ferguson,2
Open Annotation Collaboration,"African American History, Culture and Digital Humanities",2
Open Annotation Collaboration,Art History in Digital Dimensions,1
Open Annotation Collaboration,Night Against Hate,1
Open Annotation Collaboration,Textual Embodiments: 2017 Society for Textual Scholarship Conference,1
Open Annotation Collaboration,Visual Accent and Dialect Archive (VADA),2
Open Annotation Collaboration,BrailleSC,2
Open Annotation Collaboration,ANGLES,3
Open Annotation Collaboration,Building an Accessible Future for the Humanities,2
Open Annotation Collaboration,Walt Whitman's Annotations,1
Open Annotation Collaboration,Digital Mishnah,1
Open Annotation Collaboration,Collaborative Ajax-Based Modeling Platform,2
Open Annotation Collaboration,Black Gotham Archive,1
Open Annotation Collaboration,"Review, Revise, Requery",1
Open Annotation Collaboration,Digital Humanities Data Curation,1
Open Annotation Collaboration,"“O Say Can You See”: the Early Washington, D.C. Law and Family Project",1
Open Annotation Collaboration,Workset Creation for Scholarly Analysis Project,1
Open Annotation Collaboration,Transforming The Afro-Caribbean World,1
Open Annotation Collaboration,Digital Humanities Winter Institute,1
Open Annotation Collaboration,Personal Digital Archiving 2013,1
Open Annotation Collaboration,Topic Modeling,1
Open Annotation Collaboration,Humanities Intensive Learning + Training,1
Open Annotation Collaboration,Archimedes Palimpsest,1
Open Annotation Collaboration,The Documentation and Preservation of Dance,1
Open Annotation Collaboration,Text-Image Linking Environment,1
Open Annotation Collaboration,Music Theatre Online,1
Open Annotation Collaboration,Ajax XML Encoder (AXE),1
Open Annotation Collaboration,Born-Digital Literary Materials,1
Open Annotation Collaboration,"Soweto `76, A Living Digital Archive",1
Open Annotation Collaboration,Off the Tracks,1
Shelley-Godwin Archive,centerNet,1
Shelley-Godwin Archive,Romantic Circles,1
Shelley-Godwin Archive,Preserving Virtual Worlds I,1
Shelley-Godwin Archive,Our Americas Archive Partnership,2
Shelley-Godwin Archive,Corpora Space,3
Shelley-Godwin Archive,Summit Meeting for Planning a Coalition of Digital Humanities Centers,1
Shelley-Godwin Archive,A Special MITH *Unconference* DHKeepsOn,3
Shelley-Godwin Archive,Shared Horizons,6
Shelley-Godwin Archive,Digital Humanities 2009,1
Shelley-Godwin Archive,Digital Humanities Incubator 2014–15: Researching Ferguson,4
Shelley-Godwin Archive,"African American History, Culture and Digital Humanities",5
Shelley-Godwin Archive,Art History in Digital Dimensions,1
Shelley-Godwin Archive,Night Against Hate,2
Shelley-Godwin Archive,Textual Embodiments: 2017 Society for Textual Scholarship Conference,3
Shelley-Godwin Archive,Theatre Finder,1
Shelley-Godwin Archive,Foreign Literatures in America,4
Shelley-Godwin Archive,Digital Mishnah,3
Shelley-Godwin Archive,Collaborative Ajax-Based Modeling Platform,3
Shelley-Godwin Archive,"Review, Revise, Requery",3
Shelley-Godwin Archive,Active OCR,1
Shelley-Godwin Archive,Walt Whitman's Annotations,3
Shelley-Godwin Archive,Princeton Prosody,1
Shelley-Godwin Archive,Topic Modeling,4
Shelley-Godwin Archive,Visual Accent and Dialect Archive (VADA),2
Shelley-Godwin Archive,Black Gotham Archive,2
Shelley-Godwin Archive,BrailleSC,3
Shelley-Godwin Archive,ANGLES,5
Shelley-Godwin Archive,Digital Humanities Data Curation,2
Shelley-Godwin Archive,"“O Say Can You See”: the Early Washington, D.C. Law and Family Project",3
Shelley-Godwin Archive,Building an Accessible Future for the Humanities,2
Shelley-Godwin Archive,Workset Creation for Scholarly Analysis Project,4
Shelley-Godwin Archive,Transforming The Afro-Caribbean World,3
Shelley-Godwin Archive,Digital Humanities Winter Institute,4
Shelley-Godwin Archive,Personal Digital Archiving 2013,4
Shelley-Godwin Archive,Humanities Intensive Learning + Training,3
Shelley-Godwin Archive,Archimedes Palimpsest,1
Shelley-Godwin Archive,The Documentation and Preservation of Dance,1
Shelley-Godwin Archive,Text-Image Linking Environment,1
Shelley-Godwin Archive,Music Theatre Online,2
Shelley-Godwin Archive,Ajax XML Encoder (AXE),1
Shelley-Godwin Archive,Born-Digital Literary Materials,1
Shelley-Godwin Archive,"Soweto `76, A Living Digital Archive",1
Shelley-Godwin Archive,Off the Tracks,1
Shelley-Godwin Archive,Digital Humanities Incubator (2013 – 14),2
Shelley-Godwin Archive,Digital Humanities Incubator (2012 – 13),2
Shelley-Godwin Archive,Deena Larsen Collection,1
Shelley-Godwin Archive,BitCurator,1
Shelley-Godwin Archive,Bill Bly Collection,1
Shelley-Godwin Archive,Infinite Ulysses,1
Shelley-Godwin Archive,Enhancing Music Notation Addressability,1
Shelley-Godwin Archive,Citations: The Renaissance Imitation Mass (CRIM),1
Shelley-Godwin Archive,Computer Science and the Humanities Then and Now: A Film Screening and Discussion with Andy van Dam,1
Shelley-Godwin Archive,"Andrew Blum Lecture: ""The Internet, Really""",1
Archimedes Palimpsest,The Documentation and Preservation of Dance,1
Archimedes Palimpsest,Text-Image Linking Environment,2
Archimedes Palimpsest,Our Americas Archive Partnership,1
Archimedes Palimpsest,Music Theatre Online,1
Archimedes Palimpsest,Collaborative Ajax-Based Modeling Platform,1
Archimedes Palimpsest,Ajax XML Encoder (AXE),2
Archimedes Palimpsest,Born-Digital Literary Materials,1
Archimedes Palimpsest,"Soweto `76, A Living Digital Archive",1
Archimedes Palimpsest,Corpora Space,1
Archimedes Palimpsest,ANGLES,1
Archimedes Palimpsest,Off the Tracks,1
centerNet,Romantic Circles,1
centerNet,Preserving Virtual Worlds I,1
centerNet,Our Americas Archive Partnership,1
centerNet,Corpora Space,1
centerNet,Summit Meeting for Planning a Coalition of Digital Humanities Centers,1
centerNet,A Special MITH *Unconference* DHKeepsOn,1
centerNet,Shared Horizons,1
centerNet,Digital Humanities 2009,1
centerNet,Digital Humanities Incubator 2014–15: Researching Ferguson,1
centerNet,"African American History, Culture and Digital Humanities",1
centerNet,Art History in Digital Dimensions,1
centerNet,Night Against Hate,1
centerNet,Textual Embodiments: 2017 Society for Textual Scholarship Conference,1
Visual Accent and Dialect Archive (VADA),BrailleSC,3
Visual Accent and Dialect Archive (VADA),ANGLES,3
Visual Accent and Dialect Archive (VADA),Building an Accessible Future for the Humanities,2
Visual Accent and Dialect Archive (VADA),Walt Whitman's Annotations,1
Visual Accent and Dialect Archive (VADA),Text-Image Linking Environment,2
Visual Accent and Dialect Archive (VADA),Our Americas Archive Partnership,2
Visual Accent and Dialect Archive (VADA),MITH's Vintage Computers,2
Visual Accent and Dialect Archive (VADA),API Workshop,2
Visual Accent and Dialect Archive (VADA),Theatre Finder,1
Visual Accent and Dialect Archive (VADA),The Documentation and Preservation of Dance,1
Visual Accent and Dialect Archive (VADA),Music Theatre Online,1
Visual Accent and Dialect Archive (VADA),Collaborative Ajax-Based Modeling Platform,2
Visual Accent and Dialect Archive (VADA),Digital Mishnah,1
Visual Accent and Dialect Archive (VADA),Black Gotham Archive,2
Visual Accent and Dialect Archive (VADA),"Review, Revise, Requery",2
Visual Accent and Dialect Archive (VADA),Digital Humanities Data Curation,1
Visual Accent and Dialect Archive (VADA),"“O Say Can You See”: the Early Washington, D.C. Law and Family Project",1
Visual Accent and Dialect Archive (VADA),Workset Creation for Scholarly Analysis Project,1
Visual Accent and Dialect Archive (VADA),Transforming The Afro-Caribbean World,1
Visual Accent and Dialect Archive (VADA),Digital Humanities Winter Institute,2
Visual Accent and Dialect Archive (VADA),Personal Digital Archiving 2013,2
Visual Accent and Dialect Archive (VADA),Shared Horizons,2
Visual Accent and Dialect Archive (VADA),Topic Modeling,2
Visual Accent and Dialect Archive (VADA),Humanities Intensive Learning + Training,1
Visual Accent and Dialect Archive (VADA),Digital Humanities Incubator 2014–15: Researching Ferguson,1
Visual Accent and Dialect Archive (VADA),"African American History, Culture and Digital Humanities",1
Visual Accent and Dialect Archive (VADA),Deena Larsen Collection,1
Visual Accent and Dialect Archive (VADA),Foreign Literatures in America,1
Visual Accent and Dialect Archive (VADA),BitCurator,1
Visual Accent and Dialect Archive (VADA),Bill Bly Collection,1
Visual Accent and Dialect Archive (VADA),Infinite Ulysses,1
Theatre Finder,Foreign Literatures in America,1
Theatre Finder,Digital Mishnah,1
Theatre Finder,Collaborative Ajax-Based Modeling Platform,3
Theatre Finder,"Review, Revise, Requery",1
Theatre Finder,Corpora Space,1
Theatre Finder,Active OCR,1
Theatre Finder,Walt Whitman's Annotations,1
Theatre Finder,Princeton Prosody,1
Theatre Finder,Shared Horizons,1
Theatre Finder,Topic Modeling,1
Theatre Finder,The Documentation and Preservation of Dance,1
Theatre Finder,Text-Image Linking Environment,1
Theatre Finder,Our Americas Archive Partnership,1
Theatre Finder,Music Theatre Online,1
Theatre Finder,MITH's Vintage Computers,1
Theatre Finder,API Workshop,1
The Documentation and Preservation of Dance,Text-Image Linking Environment,2
The Documentation and Preservation of Dance,Our Americas Archive Partnership,2
The Documentation and Preservation of Dance,Music Theatre Online,2
The Documentation and Preservation of Dance,MITH's Vintage Computers,1
The Documentation and Preservation of Dance,Collaborative Ajax-Based Modeling Platform,2
The Documentation and Preservation of Dance,API Workshop,1
The Documentation and Preservation of Dance,Ajax XML Encoder (AXE),1
The Documentation and Preservation of Dance,Born-Digital Literary Materials,1
The Documentation and Preservation of Dance,"Soweto `76, A Living Digital Archive",1
The Documentation and Preservation of Dance,Corpora Space,1
The Documentation and Preservation of Dance,ANGLES,1
The Documentation and Preservation of Dance,Off the Tracks,1
Text-Image Linking Environment,Our Americas Archive Partnership,3
Text-Image Linking Environment,MITH's Vintage Computers,2
Text-Image Linking Environment,API Workshop,2
Text-Image Linking Environment,Music Theatre Online,2
Text-Image Linking Environment,Collaborative Ajax-Based Modeling Platform,2
Text-Image Linking Environment,Ajax XML Encoder (AXE),2
Text-Image Linking Environment,Born-Digital Literary Materials,1
Text-Image Linking Environment,"Soweto `76, A Living Digital Archive",1
Text-Image Linking Environment,Corpora Space,1
Text-Image Linking Environment,ANGLES,1
Text-Image Linking Environment,Off the Tracks,1
Deena Larsen Collection,Foreign Literatures in America,1
Deena Larsen Collection,BitCurator,2
Deena Larsen Collection,Bill Bly Collection,2
Deena Larsen Collection,Black Gotham Archive,1
Deena Larsen Collection,"Review, Revise, Requery",1
Deena Larsen Collection,BrailleSC,1
Deena Larsen Collection,ANGLES,1
Deena Larsen Collection,Digital Humanities Winter Institute,1
Deena Larsen Collection,Personal Digital Archiving 2013,1
Deena Larsen Collection,Shared Horizons,1
Deena Larsen Collection,Topic Modeling,1
Deena Larsen Collection,Infinite Ulysses,1
Deena Larsen Collection,Preserving Virtual Worlds II,1
Deena Larsen Collection,Preserving Virtual Worlds I,1
Deena Larsen Collection,MITH's Vintage Computers,1
Deena Larsen Collection,Born-Digital Literary Materials,1
Deena Larsen Collection,MONK: Humanities Text Mining in the Digital Library,1
Deena Larsen Collection,Summit Meeting for Planning a Coalition of Digital Humanities Centers,1
Deena Larsen Collection,Research for 'Mechanisms: New Media and the Forensic Imagination',1
Deena Larsen Collection,Virtual Lightbox,1
Deena Larsen Collection,Digital Humanities 2009,1
Deena Larsen Collection,Computer Forensics and Born-Digital Content,1
Deena Larsen Collection,Computer Science and the Humanities Then and Now: A Film Screening and Discussion with Andy van Dam,1
Deena Larsen Collection,"Andrew Blum Lecture: ""The Internet, Really""",1
Romantic Circles,Preserving Virtual Worlds I,1
Romantic Circles,Our Americas Archive Partnership,1
Romantic Circles,Corpora Space,1
Romantic Circles,Summit Meeting for Planning a Coalition of Digital Humanities Centers,1
Romantic Circles,A Special MITH *Unconference* DHKeepsOn,1
Romantic Circles,Shared Horizons,1
Romantic Circles,Digital Humanities 2009,1
Romantic Circles,Digital Humanities Incubator 2014–15: Researching Ferguson,1
Romantic Circles,"African American History, Culture and Digital Humanities",1
Romantic Circles,Art History in Digital Dimensions,1
Romantic Circles,Night Against Hate,1
Romantic Circles,Textual Embodiments: 2017 Society for Textual Scholarship Conference,1
Preserving Virtual Worlds II,Preserving Virtual Worlds I,6
Preserving Virtual Worlds II,MITH's Vintage Computers,1
Preserving Virtual Worlds II,BitCurator,1
Preserving Virtual Worlds II,Bill Bly Collection,1
Preserving Virtual Worlds II,Born-Digital Literary Materials,1
Preserving Virtual Worlds II,MONK: Humanities Text Mining in the Digital Library,1
Preserving Virtual Worlds II,Summit Meeting for Planning a Coalition of Digital Humanities Centers,1
Preserving Virtual Worlds II,Research for 'Mechanisms: New Media and the Forensic Imagination',1
Preserving Virtual Worlds II,Virtual Lightbox,1
Preserving Virtual Worlds II,Digital Humanities 2009,1
Preserving Virtual Worlds II,Computer Forensics and Born-Digital Content,1
Preserving Virtual Worlds II,Computer Science and the Humanities Then and Now: A Film Screening and Discussion with Andy van Dam,1
Preserving Virtual Worlds II,"Andrew Blum Lecture: ""The Internet, Really""",1
Preserving Virtual Worlds II,Digital Humanities Data Curation,1
Preserving Virtual Worlds I,Our Americas Archive Partnership,1
Preserving Virtual Worlds I,Corpora Space,1
Preserving Virtual Worlds I,Summit Meeting for Planning a Coalition of Digital Humanities Centers,2
Preserving Virtual Worlds I,A Special MITH *Unconference* DHKeepsOn,1
Preserving Virtual Worlds I,Shared Horizons,1
Preserving Virtual Worlds I,Digital Humanities 2009,2
Preserving Virtual Worlds I,Digital Humanities Incubator 2014–15: Researching Ferguson,1
Preserving Virtual Worlds I,"African American History, Culture and Digital Humanities",1
Preserving Virtual Worlds I,Art History in Digital Dimensions,1
Preserving Virtual Worlds I,Night Against Hate,1
Preserving Virtual Worlds I,Textual Embodiments: 2017 Society for Textual Scholarship Conference,1
Preserving Virtual Worlds I,MITH's Vintage Computers,1
Preserving Virtual Worlds I,BitCurator,1
Preserving Virtual Worlds I,Bill Bly Collection,1
Preserving Virtual Worlds I,Born-Digital Literary Materials,1
Preserving Virtual Worlds I,MONK: Humanities Text Mining in the Digital Library,1
Preserving Virtual Worlds I,Research for 'Mechanisms: New Media and the Forensic Imagination',1
Preserving Virtual Worlds I,Virtual Lightbox,1
Preserving Virtual Worlds I,Computer Forensics and Born-Digital Content,1
Preserving Virtual Worlds I,Computer Science and the Humanities Then and Now: A Film Screening and Discussion with Andy van Dam,1
Preserving Virtual Worlds I,"Andrew Blum Lecture: ""The Internet, Really""",1
Our Americas Archive Partnership,Corpora Space,2
Our Americas Archive Partnership,Summit Meeting for Planning a Coalition of Digital Humanities Centers,1
Our Americas Archive Partnership,A Special MITH *Unconference* DHKeepsOn,1
Our Americas Archive Partnership,Shared Horizons,1
Our Americas Archive Partnership,Digital Humanities 2009,1
Our Americas Archive Partnership,Digital Humanities Incubator 2014–15: Researching Ferguson,1
Our Americas Archive Partnership,"African American History, Culture and Digital Humanities",1
Our Americas Archive Partnership,Art History in Digital Dimensions,1
Our Americas Archive Partnership,Night Against Hate,1
Our Americas Archive Partnership,Textual Embodiments: 2017 Society for Textual Scholarship Conference,1
Our Americas Archive Partnership,MITH's Vintage Computers,2
Our Americas Archive Partnership,API Workshop,2
Our Americas Archive Partnership,Music Theatre Online,2
Our Americas Archive Partnership,Collaborative Ajax-Based Modeling Platform,3
Our Americas Archive Partnership,Ajax XML Encoder (AXE),1
Our Americas Archive Partnership,Born-Digital Literary Materials,1
Our Americas Archive Partnership,"Soweto `76, A Living Digital Archive",2
Our Americas Archive Partnership,ANGLES,1
Our Americas Archive Partnership,Off the Tracks,1
Our Americas Archive Partnership,Hughes@100,1
Our Americas Archive Partnership,MONK: Humanities Text Mining in the Digital Library,1
Our Americas Archive Partnership,Digital Diasporas,1
Our Americas Archive Partnership,Early Americas Digital Archive,1
Music Theatre Online,MITH's Vintage Computers,1
Music Theatre Online,Collaborative Ajax-Based Modeling Platform,2
Music Theatre Online,API Workshop,1
Music Theatre Online,Ajax XML Encoder (AXE),1
Music Theatre Online,Born-Digital Literary Materials,1
Music Theatre Online,"Soweto `76, A Living Digital Archive",1
Music Theatre Online,Corpora Space,1
Music Theatre Online,ANGLES,2
Music Theatre Online,Off the Tracks,1
Music Theatre Online,Foreign Literatures in America,1
Music Theatre Online,BrailleSC,1
Music Theatre Online,"“O Say Can You See”: the Early Washington, D.C. Law and Family Project",1
Music Theatre Online,Building an Accessible Future for the Humanities,1
Music Theatre Online,Digital Humanities Incubator (2013 – 14),1
Music Theatre Online,Transforming The Afro-Caribbean World,1
Music Theatre Online,Digital Humanities Incubator (2012 – 13),1
Music Theatre Online,A Special MITH *Unconference* DHKeepsOn,1
Music Theatre Online,Digital Humanities Winter Institute,1
Music Theatre Online,Personal Digital Archiving 2013,1
Music Theatre Online,Shared Horizons,1
Music Theatre Online,Topic Modeling,1
Music Theatre Online,Humanities Intensive Learning + Training,1
MITH's Vintage Computers,API Workshop,2
MITH's Vintage Computers,Collaborative Ajax-Based Modeling Platform,1
MITH's Vintage Computers,BitCurator,1
MITH's Vintage Computers,Bill Bly Collection,1
MITH's Vintage Computers,Born-Digital Literary Materials,1
MITH's Vintage Computers,MONK: Humanities Text Mining in the Digital Library,1
MITH's Vintage Computers,Summit Meeting for Planning a Coalition of Digital Humanities Centers,1
MITH's Vintage Computers,Research for 'Mechanisms: New Media and the Forensic Imagination',1
MITH's Vintage Computers,Virtual Lightbox,1
MITH's Vintage Computers,Digital Humanities 2009,1
MITH's Vintage Computers,Computer Forensics and Born-Digital Content,1
MITH's Vintage Computers,Computer Science and the Humanities Then and Now: A Film Screening and Discussion with Andy van Dam,1
MITH's Vintage Computers,"Andrew Blum Lecture: ""The Internet, Really""",1
Foreign Literatures in America,Digital Mishnah,2
Foreign Literatures in America,Collaborative Ajax-Based Modeling Platform,1
Foreign Literatures in America,"Review, Revise, Requery",2
Foreign Literatures in America,Corpora Space,1
Foreign Literatures in America,Active OCR,1
Foreign Literatures in America,Walt Whitman's Annotations,2
Foreign Literatures in America,Princeton Prosody,1
Foreign Literatures in America,Shared Horizons,4
Foreign Literatures in America,Topic Modeling,3
Foreign Literatures in America,ANGLES,3
Foreign Literatures in America,Digital Humanities Data Curation,1
Foreign Literatures in America,"“O Say Can You See”: the Early Washington, D.C. Law and Family Project",2
Foreign Literatures in America,Workset Creation for Scholarly Analysis Project,3
Foreign Literatures in America,Digital Humanities Incubator (2013 – 14),2
Foreign Literatures in America,Transforming The Afro-Caribbean World,2
Foreign Literatures in America,Digital Humanities Incubator (2012 – 13),2
Foreign Literatures in America,Digital Humanities Winter Institute,3
Foreign Literatures in America,Personal Digital Archiving 2013,3
Foreign Literatures in America,Humanities Intensive Learning + Training,2
Foreign Literatures in America,Digital Humanities Incubator 2014–15: Researching Ferguson,2
Foreign Literatures in America,"African American History, Culture and Digital Humanities",2
Foreign Literatures in America,BrailleSC,2
Foreign Literatures in America,Building an Accessible Future for the Humanities,1
Foreign Literatures in America,A Special MITH *Unconference* DHKeepsOn,1
Foreign Literatures in America,BitCurator,1
Foreign Literatures in America,Bill Bly Collection,1
Foreign Literatures in America,Black Gotham Archive,1
Foreign Literatures in America,Infinite Ulysses,1
Foreign Literatures in America,Documenting the Now: Supporting Scholarly Use and Preservation of Social Media Content,1
Foreign Literatures in America,Night Against Hate,1
Early Americas Digital Archive,Narratives That Heal,2
Early Americas Digital Archive,Irish Resources in the Humanities,2
Early Americas Digital Archive,The Thomas MacGreevy Archive,3
Early Americas Digital Archive,The Versioning Machine,4
Early Americas Digital Archive,Virtual Lightbox,3
Early Americas Digital Archive,John Milton's Comus,1
Early Americas Digital Archive,MONK: Humanities Text Mining in the Digital Library,1
Early Americas Digital Archive,Off the Tracks,1
Early Americas Digital Archive,Digital Directions,2
Digital Mishnah,Collaborative Ajax-Based Modeling Platform,2
Digital Mishnah,"Review, Revise, Requery",2
Digital Mishnah,Corpora Space,1
Digital Mishnah,Active OCR,1
Digital Mishnah,Walt Whitman's Annotations,2
Digital Mishnah,Princeton Prosody,1
Digital Mishnah,Shared Horizons,3
Digital Mishnah,Topic Modeling,2
Digital Mishnah,Black Gotham Archive,1
Digital Mishnah,BrailleSC,1
Digital Mishnah,ANGLES,2
Digital Mishnah,Digital Humanities Data Curation,2
Digital Mishnah,"“O Say Can You See”: the Early Washington, D.C. Law and Family Project",2
Digital Mishnah,Building an Accessible Future for the Humanities,1
Digital Mishnah,Workset Creation for Scholarly Analysis Project,2
Digital Mishnah,Transforming The Afro-Caribbean World,2
Digital Mishnah,Digital Humanities Winter Institute,2
Digital Mishnah,Personal Digital Archiving 2013,2
Digital Mishnah,Humanities Intensive Learning + Training,2
Digital Mishnah,Digital Humanities Incubator 2014–15: Researching Ferguson,2
Digital Mishnah,"African American History, Culture and Digital Humanities",2
Digital Mishnah,Digital Humanities Incubator (2013 – 14),1
Digital Mishnah,Digital Humanities Incubator (2012 – 13),1
Dickinson Electronic Archives,DISC: A Disabilities Studies Academic Community,1
Dickinson Electronic Archives,Hughes@100,1
Dickinson Electronic Archives,MONK: Humanities Text Mining in the Digital Library,1
Dickinson Electronic Archives,Women's Studies Database,1
Dickinson Electronic Archives,"Just a Click Away From Home: Ecuadorian Migration, Nostalgia, and Technology in Transnational Times",1
Dickinson Electronic Archives,Learning from Langston Terrace,1
Dickinson Electronic Archives,Gwendolyn Brooks Poetry Slam,1
Collaborative Ajax-Based Modeling Platform,"Review, Revise, Requery",2
Collaborative Ajax-Based Modeling Platform,Corpora Space,2
Collaborative Ajax-Based Modeling Platform,Active OCR,1
Collaborative Ajax-Based Modeling Platform,Walt Whitman's Annotations,1
Collaborative Ajax-Based Modeling Platform,Princeton Prosody,1
Collaborative Ajax-Based Modeling Platform,Shared Horizons,2
Collaborative Ajax-Based Modeling Platform,Topic Modeling,2
Collaborative Ajax-Based Modeling Platform,API Workshop,1
Collaborative Ajax-Based Modeling Platform,Black Gotham Archive,1
Collaborative Ajax-Based Modeling Platform,BrailleSC,1
Collaborative Ajax-Based Modeling Platform,ANGLES,2
Collaborative Ajax-Based Modeling Platform,Digital Humanities Data Curation,1
Collaborative Ajax-Based Modeling Platform,"“O Say Can You See”: the Early Washington, D.C. Law and Family Project",1
Collaborative Ajax-Based Modeling Platform,Building an Accessible Future for the Humanities,1
Collaborative Ajax-Based Modeling Platform,Workset Creation for Scholarly Analysis Project,1
Collaborative Ajax-Based Modeling Platform,Transforming The Afro-Caribbean World,1
Collaborative Ajax-Based Modeling Platform,Digital Humanities Winter Institute,1
Collaborative Ajax-Based Modeling Platform,Personal Digital Archiving 2013,1
Collaborative Ajax-Based Modeling Platform,Humanities Intensive Learning + Training,1
Collaborative Ajax-Based Modeling Platform,Digital Humanities Incubator 2014–15: Researching Ferguson,1
Collaborative Ajax-Based Modeling Platform,"African American History, Culture and Digital Humanities",1
Collaborative Ajax-Based Modeling Platform,Ajax XML Encoder (AXE),1
Collaborative Ajax-Based Modeling Platform,Born-Digital Literary Materials,1
Collaborative Ajax-Based Modeling Platform,"Soweto `76, A Living Digital Archive",2
Collaborative Ajax-Based Modeling Platform,Off the Tracks,1
Collaborative Ajax-Based Modeling Platform,Hughes@100,1
Collaborative Ajax-Based Modeling Platform,MONK: Humanities Text Mining in the Digital Library,1
Collaborative Ajax-Based Modeling Platform,Digital Diasporas,1
BitCurator,Bill Bly Collection,3
BitCurator,Black Gotham Archive,1
BitCurator,"Review, Revise, Requery",1
BitCurator,BrailleSC,1
BitCurator,ANGLES,1
BitCurator,Digital Humanities Winter Institute,1
BitCurator,Personal Digital Archiving 2013,1
BitCurator,Shared Horizons,1
BitCurator,Topic Modeling,1
BitCurator,Infinite Ulysses,1
BitCurator,Born-Digital Literary Materials,1
BitCurator,MONK: Humanities Text Mining in the Digital Library,1
BitCurator,Summit Meeting for Planning a Coalition of Digital Humanities Centers,1
BitCurator,Research for 'Mechanisms: New Media and the Forensic Imagination',1
BitCurator,Virtual Lightbox,1
BitCurator,Digital Humanities 2009,1
BitCurator,Computer Forensics and Born-Digital Content,1
BitCurator,Computer Science and the Humanities Then and Now: A Film Screening and Discussion with Andy van Dam,1
BitCurator,"Andrew Blum Lecture: ""The Internet, Really""",1
BitCurator,Digital Humanities Incubator 2014–15: Researching Ferguson,1
Bill Bly Collection,Black Gotham Archive,1
Bill Bly Collection,"Review, Revise, Requery",1
Bill Bly Collection,BrailleSC,1
Bill Bly Collection,ANGLES,1
Bill Bly Collection,Digital Humanities Winter Institute,1
Bill Bly Collection,Personal Digital Archiving 2013,1
Bill Bly Collection,Shared Horizons,1
Bill Bly Collection,Topic Modeling,1
Bill Bly Collection,Infinite Ulysses,1
Bill Bly Collection,Born-Digital Literary Materials,1
Bill Bly Collection,MONK: Humanities Text Mining in the Digital Library,1
Bill Bly Collection,Summit Meeting for Planning a Coalition of Digital Humanities Centers,1
Bill Bly Collection,Research for 'Mechanisms: New Media and the Forensic Imagination',1
Bill Bly Collection,Virtual Lightbox,1
Bill Bly Collection,Digital Humanities 2009,1
Bill Bly Collection,Computer Forensics and Born-Digital Content,1
Bill Bly Collection,Computer Science and the Humanities Then and Now: A Film Screening and Discussion with Andy van Dam,1
Bill Bly Collection,"Andrew Blum Lecture: ""The Internet, Really""",1
Bill Bly Collection,Digital Humanities Incubator 2014–15: Researching Ferguson,1
Ajax XML Encoder (AXE),Born-Digital Literary Materials,1
Ajax XML Encoder (AXE),"Soweto `76, A Living Digital Archive",1
Ajax XML Encoder (AXE),Corpora Space,1
Ajax XML Encoder (AXE),ANGLES,1
Ajax XML Encoder (AXE),Off the Tracks,1
Born-Digital Literary Materials,"Soweto `76, A Living Digital Archive",1
Born-Digital Literary Materials,Corpora Space,1
Born-Digital Literary Materials,ANGLES,1
Born-Digital Literary Materials,Off the Tracks,1
Born-Digital Literary Materials,MONK: Humanities Text Mining in the Digital Library,1
Born-Digital Literary Materials,Summit Meeting for Planning a Coalition of Digital Humanities Centers,1
Born-Digital Literary Materials,Research for 'Mechanisms: New Media and the Forensic Imagination',1
Born-Digital Literary Materials,Virtual Lightbox,1
Born-Digital Literary Materials,Digital Humanities 2009,1
Born-Digital Literary Materials,Computer Forensics and Born-Digital Content,1
Born-Digital Literary Materials,Computer Science and the Humanities Then and Now: A Film Screening and Discussion with Andy van Dam,1
Born-Digital Literary Materials,"Andrew Blum Lecture: ""The Internet, Really""",1
DISC: A Disabilities Studies Academic Community,Hughes@100,1
DISC: A Disabilities Studies Academic Community,MONK: Humanities Text Mining in the Digital Library,1
DISC: A Disabilities Studies Academic Community,Women's Studies Database,1
DISC: A Disabilities Studies Academic Community,"Just a Click Away From Home: Ecuadorian Migration, Nostalgia, and Technology in Transnational Times",1
DISC: A Disabilities Studies Academic Community,Learning from Langston Terrace,1
DISC: A Disabilities Studies Academic Community,Gwendolyn Brooks Poetry Slam,1
Feminism and Writing Technologies,RCCS: Resource Center for Cyberculture Studies,1
Hughes@100,MONK: Humanities Text Mining in the Digital Library,2
Hughes@100,"Soweto `76, A Living Digital Archive",1
Hughes@100,Digital Diasporas,1
Hughes@100,Women's Studies Database,1
Hughes@100,"Just a Click Away From Home: Ecuadorian Migration, Nostalgia, and Technology in Transnational Times",1
Hughes@100,Learning from Langston Terrace,1
Hughes@100,Gwendolyn Brooks Poetry Slam,1
Flare Productions,"Just a Click Away From Home: Ecuadorian Migration, Nostalgia, and Technology in Transnational Times",1
MONK: Humanities Text Mining in the Digital Library,Summit Meeting for Planning a Coalition of Digital Humanities Centers,1
MONK: Humanities Text Mining in the Digital Library,Research for 'Mechanisms: New Media and the Forensic Imagination',1
MONK: Humanities Text Mining in the Digital Library,Virtual Lightbox,1
MONK: Humanities Text Mining in the Digital Library,Digital Humanities 2009,1
MONK: Humanities Text Mining in the Digital Library,Computer Forensics and Born-Digital Content,1
MONK: Humanities Text Mining in the Digital Library,Computer Science and the Humanities Then and Now: A Film Screening and Discussion with Andy van Dam,1
MONK: Humanities Text Mining in the Digital Library,"Andrew Blum Lecture: ""The Internet, Really""",1
MONK: Humanities Text Mining in the Digital Library,"Soweto `76, A Living Digital Archive",1
MONK: Humanities Text Mining in the Digital Library,Digital Diasporas,1
MONK: Humanities Text Mining in the Digital Library,Off the Tracks,1
MONK: Humanities Text Mining in the Digital Library,Women's Studies Database,1
MONK: Humanities Text Mining in the Digital Library,"Just a Click Away From Home: Ecuadorian Migration, Nostalgia, and Technology in Transnational Times",1
MONK: Humanities Text Mining in the Digital Library,Learning from Langston Terrace,1
MONK: Humanities Text Mining in the Digital Library,Gwendolyn Brooks Poetry Slam,1
Narratives That Heal,Irish Resources in the Humanities,3
Narratives That Heal,The Thomas MacGreevy Archive,2
Narratives That Heal,The Versioning Machine,2
Narratives That Heal,Virtual Lightbox,2
Narratives That Heal,Spain/Online,1
Narratives That Heal,John Milton's Comus,2
Narratives That Heal,Learning from Langston Terrace,2
Narratives That Heal,Digital Directions,3
Narratives That Heal,BrailleSC,1
Narratives That Heal,Building an Accessible Future for the Humanities,1
RCCS: Resource Center for Cyberculture Studies,Digital Humanities Incubator 2014–15: Researching Ferguson,1
RCCS: Resource Center for Cyberculture Studies,Computer Science and the Humanities Then and Now: A Film Screening and Discussion with Andy van Dam,1
Women's Studies Database,"Just a Click Away From Home: Ecuadorian Migration, Nostalgia, and Technology in Transnational Times",1
Women's Studies Database,Learning from Langston Terrace,1
Women's Studies Database,Gwendolyn Brooks Poetry Slam,1
Saraka and Nation,Digital Diasporas,1
"Soweto `76, A Living Digital Archive",Corpora Space,1
"Soweto `76, A Living Digital Archive",ANGLES,1
"Soweto `76, A Living Digital Archive",Off the Tracks,1
"Soweto `76, A Living Digital Archive",Digital Diasporas,2
Black Gotham Archive,Corpora Space,1
Black Gotham Archive,"Review, Revise, Requery",2
Black Gotham Archive,BrailleSC,2
Black Gotham Archive,ANGLES,2
Black Gotham Archive,Digital Humanities Data Curation,1
Black Gotham Archive,"“O Say Can You See”: the Early Washington, D.C. Law and Family Project",1
Black Gotham Archive,Building an Accessible Future for the Humanities,1
Black Gotham Archive,Workset Creation for Scholarly Analysis Project,1
Black Gotham Archive,Transforming The Afro-Caribbean World,1
Black Gotham Archive,Digital Humanities Winter Institute,2
Black Gotham Archive,Personal Digital Archiving 2013,2
Black Gotham Archive,Shared Horizons,2
Black Gotham Archive,Topic Modeling,2
Black Gotham Archive,Humanities Intensive Learning + Training,1
Black Gotham Archive,Digital Humanities Incubator 2014–15: Researching Ferguson,1
Black Gotham Archive,"African American History, Culture and Digital Humanities",1
Black Gotham Archive,Infinite Ulysses,1
"Review, Revise, Requery",Corpora Space,1
"Review, Revise, Requery",Active OCR,1
"Review, Revise, Requery",Walt Whitman's Annotations,1
"Review, Revise, Requery",Princeton Prosody,1
"Review, Revise, Requery",Shared Horizons,3
"Review, Revise, Requery",Topic Modeling,3
"Review, Revise, Requery",BrailleSC,2
"Review, Revise, Requery",ANGLES,2
"Review, Revise, Requery",Digital Humanities Data Curation,1
"Review, Revise, Requery","“O Say Can You See”: the Early Washington, D.C. Law and Family Project",1
"Review, Revise, Requery",Building an Accessible Future for the Humanities,1
"Review, Revise, Requery",Workset Creation for Scholarly Analysis Project,1
"Review, Revise, Requery",Transforming The Afro-Caribbean World,1
"Review, Revise, Requery",Digital Humanities Winter Institute,2
"Review, Revise, Requery",Personal Digital Archiving 2013,2
"Review, Revise, Requery",Humanities Intensive Learning + Training,1
"Review, Revise, Requery",Digital Humanities Incubator 2014–15: Researching Ferguson,1
"Review, Revise, Requery","African American History, Culture and Digital Humanities",1
"Review, Revise, Requery",Infinite Ulysses,1
Corpora Space,Summit Meeting for Planning a Coalition of Digital Humanities Centers,1
Corpora Space,A Special MITH *Unconference* DHKeepsOn,1
Corpora Space,Shared Horizons,2
Corpora Space,Digital Humanities 2009,1
Corpora Space,Digital Humanities Incubator 2014–15: Researching Ferguson,1
Corpora Space,"African American History, Culture and Digital Humanities",1
Corpora Space,Art History in Digital Dimensions,1
Corpora Space,Night Against Hate,1
Corpora Space,Textual Embodiments: 2017 Society for Textual Scholarship Conference,1
Corpora Space,Active OCR,1
Corpora Space,Walt Whitman's Annotations,1
Corpora Space,Princeton Prosody,1
Corpora Space,Topic Modeling,1
Corpora Space,ANGLES,1
Corpora Space,Off the Tracks,1
BrailleSC,ANGLES,4
BrailleSC,Building an Accessible Future for the Humanities,6
BrailleSC,Walt Whitman's Annotations,1
BrailleSC,Digital Humanities Data Curation,1
BrailleSC,"“O Say Can You See”: the Early Washington, D.C. Law and Family Project",2
BrailleSC,Workset Creation for Scholarly Analysis Project,1
BrailleSC,Transforming The Afro-Caribbean World,2
BrailleSC,Digital Humanities Winter Institute,3
BrailleSC,Personal Digital Archiving 2013,3
BrailleSC,Shared Horizons,3
BrailleSC,Topic Modeling,3
BrailleSC,Humanities Intensive Learning + Training,2
BrailleSC,Digital Humanities Incubator 2014–15: Researching Ferguson,1
BrailleSC,"African American History, Culture and Digital Humanities",1
BrailleSC,Digital Humanities Incubator (2013 – 14),1
BrailleSC,Digital Humanities Incubator (2012 – 13),1
BrailleSC,A Special MITH *Unconference* DHKeepsOn,1
BrailleSC,Infinite Ulysses,1
BrailleSC,John Milton's Comus,1
BrailleSC,Learning from Langston Terrace,1
BrailleSC,Digital Directions,1
ANGLES,Building an Accessible Future for the Humanities,3
ANGLES,Walt Whitman's Annotations,2
ANGLES,Digital Humanities Data Curation,2
ANGLES,"“O Say Can You See”: the Early Washington, D.C. Law and Family Project",3
ANGLES,Workset Creation for Scholarly Analysis Project,2
ANGLES,Transforming The Afro-Caribbean World,3
ANGLES,Digital Humanities Winter Institute,4
ANGLES,Personal Digital Archiving 2013,4
ANGLES,Shared Horizons,4
ANGLES,Topic Modeling,3
ANGLES,Humanities Intensive Learning + Training,3
ANGLES,Digital Humanities Incubator 2014–15: Researching Ferguson,2
ANGLES,"African American History, Culture and Digital Humanities",2
ANGLES,Off the Tracks,1
ANGLES,Digital Humanities Incubator (2013 – 14),2
ANGLES,Digital Humanities Incubator (2012 – 13),2
ANGLES,A Special MITH *Unconference* DHKeepsOn,1
ANGLES,Infinite Ulysses,1
Active OCR,Walt Whitman's Annotations,1
Active OCR,Princeton Prosody,1
Active OCR,Shared Horizons,1
Active OCR,Topic Modeling,1
Digital Humanities Data Curation,"“O Say Can You See”: the Early Washington, D.C. Law and Family Project",2
Digital Humanities Data Curation,Building an Accessible Future for the Humanities,1
Digital Humanities Data Curation,Workset Creation for Scholarly Analysis Project,2
Digital Humanities Data Curation,Transforming The Afro-Caribbean World,2
Digital Humanities Data Curation,Digital Humanities Winter Institute,2
Digital Humanities Data Curation,Personal Digital Archiving 2013,2
Digital Humanities Data Curation,Shared Horizons,2
Digital Humanities Data Curation,Topic Modeling,1
Digital Humanities Data Curation,Humanities Intensive Learning + Training,2
Digital Humanities Data Curation,Digital Humanities Incubator 2014–15: Researching Ferguson,2
Digital Humanities Data Curation,"African American History, Culture and Digital Humanities",2
Digital Humanities Data Curation,Walt Whitman's Annotations,1
Digital Humanities Data Curation,Digital Humanities Incubator (2013 – 14),1
Digital Humanities Data Curation,Digital Humanities Incubator (2012 – 13),1
Digital Humanities Data Curation,Digital Diasporas,1
"“O Say Can You See”: the Early Washington, D.C. Law and Family Project",Building an Accessible Future for the Humanities,2
"“O Say Can You See”: the Early Washington, D.C. Law and Family Project",Workset Creation for Scholarly Analysis Project,2
"“O Say Can You See”: the Early Washington, D.C. Law and Family Project",Transforming The Afro-Caribbean World,3
"“O Say Can You See”: the Early Washington, D.C. Law and Family Project",Digital Humanities Winter Institute,3
"“O Say Can You See”: the Early Washington, D.C. Law and Family Project",Personal Digital Archiving 2013,3
"“O Say Can You See”: the Early Washington, D.C. Law and Family Project",Shared Horizons,3
"“O Say Can You See”: the Early Washington, D.C. Law and Family Project",Topic Modeling,2
"“O Say Can You See”: the Early Washington, D.C. Law and Family Project",Humanities Intensive Learning + Training,3
"“O Say Can You See”: the Early Washington, D.C. Law and Family Project",Digital Humanities Incubator 2014–15: Researching Ferguson,2
"“O Say Can You See”: the Early Washington, D.C. Law and Family Project","African American History, Culture and Digital Humanities",2
"“O Say Can You See”: the Early Washington, D.C. Law and Family Project",Walt Whitman's Annotations,1
"“O Say Can You See”: the Early Washington, D.C. Law and Family Project",Digital Humanities Incubator (2013 – 14),2
"“O Say Can You See”: the Early Washington, D.C. Law and Family Project",Digital Humanities Incubator (2012 – 13),2
"“O Say Can You See”: the Early Washington, D.C. Law and Family Project",A Special MITH *Unconference* DHKeepsOn,1
Building an Accessible Future for the Humanities,Walt Whitman's Annotations,1
Building an Accessible Future for the Humanities,Workset Creation for Scholarly Analysis Project,1
Building an Accessible Future for the Humanities,Transforming The Afro-Caribbean World,2
Building an Accessible Future for the Humanities,Digital Humanities Winter Institute,2
Building an Accessible Future for the Humanities,Personal Digital Archiving 2013,2
Building an Accessible Future for the Humanities,Shared Horizons,2
Building an Accessible Future for the Humanities,Topic Modeling,2
Building an Accessible Future for the Humanities,Humanities Intensive Learning + Training,2
Building an Accessible Future for the Humanities,Digital Humanities Incubator 2014–15: Researching Ferguson,1
Building an Accessible Future for the Humanities,"African American History, Culture and Digital Humanities",1
Building an Accessible Future for the Humanities,Digital Humanities Incubator (2013 – 14),1
Building an Accessible Future for the Humanities,Digital Humanities Incubator (2012 – 13),1
Building an Accessible Future for the Humanities,A Special MITH *Unconference* DHKeepsOn,1
Building an Accessible Future for the Humanities,John Milton's Comus,1
Building an Accessible Future for the Humanities,Learning from Langston Terrace,1
Building an Accessible Future for the Humanities,Digital Directions,1
Walt Whitman's Annotations,Princeton Prosody,1
Walt Whitman's Annotations,Shared Horizons,2
Walt Whitman's Annotations,Topic Modeling,1
Walt Whitman's Annotations,Workset Creation for Scholarly Analysis Project,2
Walt Whitman's Annotations,Digital Humanities Incubator (2013 – 14),1
Walt Whitman's Annotations,Transforming The Afro-Caribbean World,1
Walt Whitman's Annotations,Digital Humanities Incubator (2012 – 13),1
Walt Whitman's Annotations,Digital Humanities Winter Institute,1
Walt Whitman's Annotations,Personal Digital Archiving 2013,1
Walt Whitman's Annotations,Humanities Intensive Learning + Training,1
Walt Whitman's Annotations,Digital Humanities Incubator 2014–15: Researching Ferguson,1
Walt Whitman's Annotations,"African American History, Culture and Digital Humanities",2
Walt Whitman's Annotations,Enhancing Music Notation Addressability,1
Walt Whitman's Annotations,Citations: The Renaissance Imitation Mass (CRIM),1
Walt Whitman's Annotations,Textual Embodiments: 2017 Society for Textual Scholarship Conference,1
Walt Whitman's Annotations,Digital Humanities 2009,1
Princeton Prosody,Shared Horizons,1
Princeton Prosody,Topic Modeling,1
Workset Creation for Scholarly Analysis Project,Transforming The Afro-Caribbean World,2
Workset Creation for Scholarly Analysis Project,Digital Humanities Winter Institute,2
Workset Creation for Scholarly Analysis Project,Personal Digital Archiving 2013,2
Workset Creation for Scholarly Analysis Project,Shared Horizons,2
Workset Creation for Scholarly Analysis Project,Topic Modeling,1
Workset Creation for Scholarly Analysis Project,Humanities Intensive Learning + Training,2
Workset Creation for Scholarly Analysis Project,Digital Humanities Incubator 2014–15: Researching Ferguson,4
Workset Creation for Scholarly Analysis Project,"African American History, Culture and Digital Humanities",5
Workset Creation for Scholarly Analysis Project,Digital Humanities Incubator (2013 – 14),1
Workset Creation for Scholarly Analysis Project,Digital Humanities Incubator (2012 – 13),1
Workset Creation for Scholarly Analysis Project,Enhancing Music Notation Addressability,1
Workset Creation for Scholarly Analysis Project,Citations: The Renaissance Imitation Mass (CRIM),1
Workset Creation for Scholarly Analysis Project,Textual Embodiments: 2017 Society for Textual Scholarship Conference,2
Workset Creation for Scholarly Analysis Project,A Special MITH *Unconference* DHKeepsOn,1
Workset Creation for Scholarly Analysis Project,Computer Science and the Humanities Then and Now: A Film Screening and Discussion with Andy van Dam,1
Workset Creation for Scholarly Analysis Project,"Andrew Blum Lecture: ""The Internet, Really""",1
Workset Creation for Scholarly Analysis Project,Night Against Hate,2
Workset Creation for Scholarly Analysis Project,Documenting the Now: Supporting Scholarly Use and Preservation of Social Media Content,1
Digital Humanities Incubator (2013 – 14),Transforming The Afro-Caribbean World,2
Digital Humanities Incubator (2013 – 14),Digital Humanities Incubator (2012 – 13),2
Digital Humanities Incubator (2013 – 14),Digital Humanities Winter Institute,2
Digital Humanities Incubator (2013 – 14),Personal Digital Archiving 2013,2
Digital Humanities Incubator (2013 – 14),Shared Horizons,2
Digital Humanities Incubator (2013 – 14),Humanities Intensive Learning + Training,2
Digital Humanities Incubator (2013 – 14),Digital Humanities Incubator 2014–15: Researching Ferguson,1
Digital Humanities Incubator (2013 – 14),"African American History, Culture and Digital Humanities",1
Digital Humanities Incubator (2013 – 14),A Special MITH *Unconference* DHKeepsOn,1
Digital Humanities Incubator (2013 – 14),Topic Modeling,1
Transforming The Afro-Caribbean World,Digital Humanities Winter Institute,3
Transforming The Afro-Caribbean World,Personal Digital Archiving 2013,3
Transforming The Afro-Caribbean World,Shared Horizons,3
Transforming The Afro-Caribbean World,Topic Modeling,2
Transforming The Afro-Caribbean World,Humanities Intensive Learning + Training,3
Transforming The Afro-Caribbean World,Digital Humanities Incubator 2014–15: Researching Ferguson,2
Transforming The Afro-Caribbean World,"African American History, Culture and Digital Humanities",2
Transforming The Afro-Caribbean World,Digital Humanities Incubator (2012 – 13),2
Transforming The Afro-Caribbean World,A Special MITH *Unconference* DHKeepsOn,1
Enhancing Music Notation Addressability,"African American History, Culture and Digital Humanities",1
Enhancing Music Notation Addressability,Citations: The Renaissance Imitation Mass (CRIM),2
Enhancing Music Notation Addressability,Textual Embodiments: 2017 Society for Textual Scholarship Conference,1
Irish Resources in the Humanities,The Thomas MacGreevy Archive,4
Irish Resources in the Humanities,The Versioning Machine,2
Irish Resources in the Humanities,Virtual Lightbox,2
Irish Resources in the Humanities,John Milton's Comus,1
Irish Resources in the Humanities,Learning from Langston Terrace,1
Irish Resources in the Humanities,Digital Directions,1
"Just a Click Away From Home: Ecuadorian Migration, Nostalgia, and Technology in Transnational Times",Learning from Langston Terrace,1
"Just a Click Away From Home: Ecuadorian Migration, Nostalgia, and Technology in Transnational Times",Gwendolyn Brooks Poetry Slam,1
Summit Meeting for Planning a Coalition of Digital Humanities Centers,A Special MITH *Unconference* DHKeepsOn,1
Summit Meeting for Planning a Coalition of Digital Humanities Centers,Shared Horizons,1
Summit Meeting for Planning a Coalition of Digital Humanities Centers,Digital Humanities 2009,2
Summit Meeting for Planning a Coalition of Digital Humanities Centers,Digital Humanities Incubator 2014–15: Researching Ferguson,1
Summit Meeting for Planning a Coalition of Digital Humanities Centers,"African American History, Culture and Digital Humanities",1
Summit Meeting for Planning a Coalition of Digital Humanities Centers,Art History in Digital Dimensions,1
Summit Meeting for Planning a Coalition of Digital Humanities Centers,Night Against Hate,1
Summit Meeting for Planning a Coalition of Digital Humanities Centers,Textual Embodiments: 2017 Society for Textual Scholarship Conference,1
Summit Meeting for Planning a Coalition of Digital Humanities Centers,Research for 'Mechanisms: New Media and the Forensic Imagination',1
Summit Meeting for Planning a Coalition of Digital Humanities Centers,Virtual Lightbox,1
Summit Meeting for Planning a Coalition of Digital Humanities Centers,Computer Forensics and Born-Digital Content,1
Summit Meeting for Planning a Coalition of Digital Humanities Centers,Computer Science and the Humanities Then and Now: A Film Screening and Discussion with Andy van Dam,1
Summit Meeting for Planning a Coalition of Digital Humanities Centers,"Andrew Blum Lecture: ""The Internet, Really""",1
John Milton's Comus,The Thomas MacGreevy Archive,1
John Milton's Comus,The Versioning Machine,1
John Milton's Comus,Virtual Lightbox,1
John Milton's Comus,Learning from Langston Terrace,2
John Milton's Comus,Digital Directions,2
Research for 'Mechanisms: New Media and the Forensic Imagination',Virtual Lightbox,1
Research for 'Mechanisms: New Media and the Forensic Imagination',Digital Humanities 2009,1
Research for 'Mechanisms: New Media and the Forensic Imagination',Computer Forensics and Born-Digital Content,1
Research for 'Mechanisms: New Media and the Forensic Imagination',Computer Science and the Humanities Then and Now: A Film Screening and Discussion with Andy van Dam,1
Research for 'Mechanisms: New Media and the Forensic Imagination',"Andrew Blum Lecture: ""The Internet, Really""",1
The Thomas MacGreevy Archive,The Versioning Machine,3
The Thomas MacGreevy Archive,Virtual Lightbox,3
Learning from Langston Terrace,Gwendolyn Brooks Poetry Slam,1
Learning from Langston Terrace,Digital Directions,2
The Versioning Machine,Virtual Lightbox,3
The Versioning Machine,Digital Directions,2
Virtual Lightbox,Digital Humanities 2009,1
Virtual Lightbox,Computer Forensics and Born-Digital Content,1
Virtual Lightbox,Computer Science and the Humanities Then and Now: A Film Screening and Discussion with Andy van Dam,1
Virtual Lightbox,"Andrew Blum Lecture: ""The Internet, Really""",1
Digital Humanities Incubator (2012 – 13),Digital Humanities Winter Institute,2
Digital Humanities Incubator (2012 – 13),Personal Digital Archiving 2013,2
Digital Humanities Incubator (2012 – 13),Shared Horizons,2
Digital Humanities Incubator (2012 – 13),Humanities Intensive Learning + Training,2
Digital Humanities Incubator (2012 – 13),Digital Humanities Incubator 2014–15: Researching Ferguson,1
Digital Humanities Incubator (2012 – 13),"African American History, Culture and Digital Humanities",1
Digital Humanities Incubator (2012 – 13),A Special MITH *Unconference* DHKeepsOn,1
Digital Humanities Incubator (2012 – 13),Topic Modeling,1
A Special MITH *Unconference* DHKeepsOn,Shared Horizons,2
A Special MITH *Unconference* DHKeepsOn,Digital Humanities 2009,1
A Special MITH *Unconference* DHKeepsOn,Digital Humanities Incubator 2014–15: Researching Ferguson,2
A Special MITH *Unconference* DHKeepsOn,"African American History, Culture and Digital Humanities",2
A Special MITH *Unconference* DHKeepsOn,Art History in Digital Dimensions,1
A Special MITH *Unconference* DHKeepsOn,Night Against Hate,2
A Special MITH *Unconference* DHKeepsOn,Textual Embodiments: 2017 Society for Textual Scholarship Conference,2
A Special MITH *Unconference* DHKeepsOn,Digital Humanities Winter Institute,1
A Special MITH *Unconference* DHKeepsOn,Personal Digital Archiving 2013,1
A Special MITH *Unconference* DHKeepsOn,Topic Modeling,1
A Special MITH *Unconference* DHKeepsOn,Humanities Intensive Learning + Training,1
A Special MITH *Unconference* DHKeepsOn,Computer Science and the Humanities Then and Now: A Film Screening and Discussion with Andy van Dam,1
A Special MITH *Unconference* DHKeepsOn,"Andrew Blum Lecture: ""The Internet, Really""",1
Digital Humanities Winter Institute,Personal Digital Archiving 2013,4
Digital Humanities Winter Institute,Shared Horizons,4
Digital Humanities Winter Institute,Topic Modeling,3
Digital Humanities Winter Institute,Humanities Intensive Learning + Training,3
Digital Humanities Winter Institute,Digital Humanities Incubator 2014–15: Researching Ferguson,2
Digital Humanities Winter Institute,"African American History, Culture and Digital Humanities",2
Digital Humanities Winter Institute,Infinite Ulysses,1
Personal Digital Archiving 2013,Shared Horizons,4
Personal Digital Archiving 2013,Topic Modeling,3
Personal Digital Archiving 2013,Humanities Intensive Learning + Training,3
Personal Digital Archiving 2013,Digital Humanities Incubator 2014–15: Researching Ferguson,2
Personal Digital Archiving 2013,"African American History, Culture and Digital Humanities",2
Personal Digital Archiving 2013,Infinite Ulysses,1
Shared Horizons,Digital Humanities 2009,1
Shared Horizons,Digital Humanities Incubator 2014–15: Researching Ferguson,3
Shared Horizons,"African American History, Culture and Digital Humanities",3
Shared Horizons,Art History in Digital Dimensions,1
Shared Horizons,Night Against Hate,1
Shared Horizons,Textual Embodiments: 2017 Society for Textual Scholarship Conference,1
Shared Horizons,Topic Modeling,4
Shared Horizons,Humanities Intensive Learning + Training,3
Shared Horizons,Infinite Ulysses,1
Topic Modeling,Humanities Intensive Learning + Training,2
Topic Modeling,Digital Humanities Incubator 2014–15: Researching Ferguson,1
Topic Modeling,"African American History, Culture and Digital Humanities",1
Topic Modeling,Infinite Ulysses,1
Digital Humanities 2009,Digital Humanities Incubator 2014–15: Researching Ferguson,1
Digital Humanities 2009,"African American History, Culture and Digital Humanities",1
Digital Humanities 2009,Art History in Digital Dimensions,1
Digital Humanities 2009,Night Against Hate,1
Digital Humanities 2009,Textual Embodiments: 2017 Society for Textual Scholarship Conference,1
Digital Humanities 2009,Computer Forensics and Born-Digital Content,1
Digital Humanities 2009,Computer Science and the Humanities Then and Now: A Film Screening and Discussion with Andy van Dam,1
Digital Humanities 2009,"Andrew Blum Lecture: ""The Internet, Really""",1
Humanities Intensive Learning + Training,Digital Humanities Incubator 2014–15: Researching Ferguson,2
Humanities Intensive Learning + Training,"African American History, Culture and Digital Humanities",2
Digital Humanities Incubator 2014–15: Researching Ferguson,"African American History, Culture and Digital Humanities",5
Digital Humanities Incubator 2014–15: Researching Ferguson,Art History in Digital Dimensions,1
Digital Humanities Incubator 2014–15: Researching Ferguson,Night Against Hate,3
Digital Humanities Incubator 2014–15: Researching Ferguson,Textual Embodiments: 2017 Society for Textual Scholarship Conference,2
Digital Humanities Incubator 2014–15: Researching Ferguson,Computer Science and the Humanities Then and Now: A Film Screening and Discussion with Andy van Dam,2
Digital Humanities Incubator 2014–15: Researching Ferguson,"Andrew Blum Lecture: ""The Internet, Really""",1
Digital Humanities Incubator 2014–15: Researching Ferguson,Documenting the Now: Supporting Scholarly Use and Preservation of Social Media Content,1
Documenting the Now: Supporting Scholarly Use and Preservation of Social Media Content,"African American History, Culture and Digital Humanities",1
Documenting the Now: Supporting Scholarly Use and Preservation of Social Media Content,Night Against Hate,1
"African American History, Culture and Digital Humanities",Art History in Digital Dimensions,1
"African American History, Culture and Digital Humanities",Night Against Hate,3
"African American History, Culture and Digital Humanities",Textual Embodiments: 2017 Society for Textual Scholarship Conference,4
"African American History, Culture and Digital Humanities",Citations: The Renaissance Imitation Mass (CRIM),1
"African American History, Culture and Digital Humanities",Computer Science and the Humanities Then and Now: A Film Screening and Discussion with Andy van Dam,1
"African American History, Culture and Digital Humanities","Andrew Blum Lecture: ""The Internet, Really""",1
Computer Forensics and Born-Digital Content,Computer Science and the Humanities Then and Now: A Film Screening and Discussion with Andy van Dam,1
Computer Forensics and Born-Digital Content,"Andrew Blum Lecture: ""The Internet, Really""",1
Computer Science and the Humanities Then and Now: A Film Screening and Discussion with Andy van Dam,"Andrew Blum Lecture: ""The Internet, Really""",2
Computer Science and the Humanities Then and Now: A Film Screening and Discussion with Andy van Dam,Night Against Hate,1
Computer Science and the Humanities Then and Now: A Film Screening and Discussion with Andy van Dam,Textual Embodiments: 2017 Society for Textual Scholarship Conference,1
"Andrew Blum Lecture: ""The Internet, Really""",Night Against Hate,1
"Andrew Blum Lecture: ""The Internet, Really""",Textual Embodiments: 2017 Society for Textual Scholarship Conference,1
Art History in Digital Dimensions,Night Against Hate,1
Art History in Digital Dimensions,Textual Embodiments: 2017 Society for Textual Scholarship Conference,1
Night Against Hate,Textual Embodiments: 2017 Society for Textual Scholarship Conference,3
Citations: The Renaissance Imitation Mass (CRIM),Textual Embodiments: 2017 Society for Textual Scholarship Conference,1
